sku,name,brand,category,retail_price,nsa_cost,available_sizes,vendor_name,catalog
ADFB0100TM,Adidas Adizero Electric Jersey - Men's,Adidas,Jersey Tops,200.00,75.00,S-5XL,Adidas,Football FW26
ADFB0101BM,Adidas Adizero Electric Pant - Men's,Adidas,Jersey Bottoms,175.00,65.63,S-5XL,Adidas,Football FW26
ADFB0102TM,Adidas Adizero Impact V1 Jersey - Men's,Adidas,Jersey Tops,160.00,60.00,S-5XL,Adidas,Football FW26
ADFB0103BM,Adidas Adizero Impact V1 Pant - Men's,Adidas,Jersey Bottoms,140.00,52.50,S-5XL,Adidas,Football FW26
ADFB0104TM,Adidas Adizero Impact V2 Jersey - Men's,Adidas,Jersey Tops,140.00,52.50,S-5XL,Adidas,Football FW26
ADFB0105BM,Adidas Adizero Impact V2 Pant - Men's,Adidas,Jersey Bottoms,100.00,37.50,S-5XL,Adidas,Football FW26
AD0858M,Adidas Shocklite Filthyquick Jersey - Men's,Adidas,Jersey Tops,195.00,73.13,,Adidas,Football FW26
AD0858Y,Adidas Shocklite Filthyquick Jersey - Youth,Adidas,Jersey Tops,195.00,73.13,,Adidas,Football FW26
AD0849M,Adidas Shocklite Filthyquick Pant - Men's,Adidas,Jersey Bottoms,175.00,65.63,,Adidas,Football FW26
AD0849Y,Adidas Shocklite Filthyquick Pant - Youth,Adidas,Jersey Bottoms,175.00,65.63,,Adidas,Football FW26
ADFB0869TM,Adidas Custom Practice Jersey - Men's,Adidas,Jersey Tops,120.00,45.00,,Adidas,Football FW26
AD0881M,Adidas Adizero 7v7 Jersey - Men's,Adidas,Jersey Tops,90.00,33.75,,Adidas,Football FW26
AD0882M,Adidas Adizero 7v7 Pant - Men's,Adidas,Jersey Bottoms,50.00,18.75,,Adidas,Football FW26
AD03049M,Adidas Wide Band - Men's,Adidas,Hats,35.00,13.13,,Adidas,Accessories
AD03020M,Adidas Skull Cap - Men's,Adidas,Hats,35.00,13.13,,Adidas,Accessories
AD03021W,Adidas Tie Band - Women's,Adidas,Hats,35.00,13.13,,Adidas,Accessories
AD03021M,Adidas Arm Sleeve - Men's,Adidas,Hats,30.00,11.25,,Adidas,Accessories
AD03021Y,Adidas Arm Sleeve - Youth,Adidas,Hats,30.00,11.25,,Adidas,Accessories
AD04640W,Adidas Prospect Jersey Racerback - Women's,Adidas,Jersey Tops,100.00,37.50,XS-2XL,Adidas,Field Hockey / Women Lacrosse
AD04643W,Adidas Prospect Jersey Short Sleeve - Women's,Adidas,Jersey Tops,100.00,37.50,XS-2XL,Adidas,Field Hockey / Women Lacrosse
AD04641W,Adidas Prospect Jersey Long Sleeve - Women's,Adidas,Jersey Tops,115.00,43.13,XS-2XL,Adidas,Field Hockey / Women Lacrosse
AD04645W,Adidas Prospect Bottom Short - Women's,Adidas,Jersey Bottoms,90.00,33.75,XS-2XL,Adidas,Field Hockey / Women Lacrosse
AD04642W,Adidas Prospect Bottom Kilt - Women's,Adidas,Jersey Bottoms,90.00,33.75,XS-2XL,Adidas,Field Hockey / Women Lacrosse
AD04646W,Adidas Finalizer Jersey Racerback - Women's,Adidas,Jersey Tops,100.00,37.50,XS-2XL,Adidas,Field Hockey / Women Lacrosse
AD04637W,Adidas Finalizer Jersey Short Sleeve - Women's,Adidas,Jersey Tops,100.00,37.50,XS-2XL,Adidas,Field Hockey / Women Lacrosse
AD04644W,Adidas Finalizer Jersey Long Sleeve - Women's,Adidas,Jersey Tops,115.00,43.13,XS-2XL,Adidas,Field Hockey / Women Lacrosse
AD04638W,Adidas Finalizer Bottom Short - Women's,Adidas,Jersey Bottoms,90.00,33.75,XS-2XL,Adidas,Field Hockey / Women Lacrosse
AD04639W,Adidas Finalizer Bottom Kilt - Women's,Adidas,Jersey Bottoms,90.00,33.75,XS-2XL,Adidas,Field Hockey / Women Lacrosse
AD04626W,Adidas Blue Chip Jersey Short Sleeve - Women's,Adidas,Jersey Tops,100.00,37.50,XS-2XL,Adidas,Field Hockey / Women Lacrosse
AD04632W,Adidas Blue Chip Jersey Racerback - Women's,Adidas,Jersey Tops,100.00,37.50,XS-2XL,Adidas,Field Hockey / Women Lacrosse
AD04630W,Adidas Blue Chip Jersey Sleeveless - Women's,Adidas,Jersey Tops,100.00,37.50,XS-2XL,Adidas,Field Hockey / Women Lacrosse
AD04628W,Adidas Blue Chip Jersey Long Sleeve - Women's,Adidas,Jersey Tops,115.00,43.13,XS-2XL,Adidas,Field Hockey / Women Lacrosse
AD04634W,Adidas Blue Chip Bottom Short - Women's,Adidas,Jersey Bottoms,90.00,33.75,XS-2XL,Adidas,Field Hockey / Women Lacrosse
AD04636W,Adidas Blue Chip Bottom Kilt - Women's,Adidas,Jersey Bottoms,90.00,33.75,XS-2XL,Adidas,Field Hockey / Women Lacrosse
AD04629W,Adidas Showcase Jersey Racerback - Women's,Adidas,Jersey Tops,100.00,37.50,XS-2XL,Adidas,Field Hockey / Women Lacrosse
AD04627W,Adidas Showcase Jersey Sleeveless - Women's,Adidas,Jersey Tops,100.00,37.50,XS-2XL,Adidas,Field Hockey / Women Lacrosse
AD04631W,Adidas Showcase Jersey Short Sleeve - Women's,Adidas,Jersey Tops,100.00,37.50,XS-2XL,Adidas,Field Hockey / Women Lacrosse
AD04625W,Adidas Showcase Jersey Long Sleeve - Women's,Adidas,Jersey Tops,115.00,43.13,XS-2XL,Adidas,Field Hockey / Women Lacrosse
AD04633W,Adidas Showcase Bottom Short - Women's,Adidas,Jersey Bottoms,90.00,33.75,XS-2XL,Adidas,Field Hockey / Women Lacrosse
AD04635W,Adidas Showcase Bottom Kilt - Women's,Adidas,Jersey Bottoms,90.00,33.75,XS-2XL,Adidas,Field Hockey / Women Lacrosse
AD04604W,Adidas Iroquois Jersey Racerback - Women's,Adidas,Jersey Tops,103.00,38.63,XS-2XL,Adidas,Field Hockey / Women Lacrosse
AD04650W,Adidas Iroquois Jersey Short Sleeve - Women's,Adidas,Jersey Tops,103.00,38.63,XS-2XL,Adidas,Field Hockey / Women Lacrosse
AD04614W,Adidas Iroquois Jersey Long Sleeve - Women's,Adidas,Jersey Tops,115.00,43.13,XS-2XL,Adidas,Field Hockey / Women Lacrosse
AD04615W,Adidas Iroquois Bottom Short - Women's,Adidas,Jersey Bottoms,90.00,33.75,XS-2XL,Adidas,Field Hockey / Women Lacrosse
AD04605W,Adidas Seneca Jersey Racerback - Women's,Adidas,Jersey Tops,103.00,38.63,XS-2XL,Adidas,Field Hockey / Women Lacrosse
AD04583W,Adidas Finalizer Reversible Pinnie - Women's,Adidas,Jersey Tops,85.00,31.88,XS-2XL,Adidas,Field Hockey / Women Lacrosse
AD04584W,Adidas Finalizer Short - Women's,Adidas,Jersey Bottoms,65.00,24.38,XS-2XL,Adidas,Field Hockey / Women Lacrosse
AD04592W,Adidas Club Pinnie - Women's,Adidas,Jersey Tops,73.00,27.38,XS-2XL,Adidas,Field Hockey / Women Lacrosse
AD04593W,Adidas Club Short/Kilt - Women's,Adidas,Jersey Bottoms,65.00,24.38,XS-2XL,Adidas,Field Hockey / Women Lacrosse
ADBK0100TM,Adidas Woven Elite Jersey - Men's,Adidas,Jersey Tops,150.00,56.25,S-5XL,Adidas,Basketball FW26
ADBK0101TM,Adidas Woven Elite Jersey - Men's,Adidas,Jersey Tops,150.00,56.25,S-5XL,Adidas,Basketball FW26
ADBK0100BM,Adidas Woven Elite Short - Men's,Adidas,Jersey Bottoms,110.00,41.25,S-5XL,Adidas,Basketball FW26
ADBK0101BM,Adidas Woven Elite Short Slanted Side Panel - Men's,Adidas,Jersey Bottoms,110.00,41.25,S-5XL,Adidas,Basketball FW26
ADBK0102BM,Adidas Woven Elite Short - Men's,Adidas,Jersey Bottoms,110.00,41.25,S-5XL,Adidas,Basketball FW26
ADBK0100TW,Adidas Woven Elite Jersey Racer Back - Women's,Adidas,Jersey Tops,150.00,56.25,XS-2XL,Adidas,Basketball FW26
ADBK0101TW,Adidas Woven Elite Jersey Racer Back - Women's,Adidas,Jersey Tops,150.00,56.25,XS-2XL,Adidas,Basketball FW26
ADBK0100BW,Adidas Woven Elite Short - Women's,Adidas,Jersey Bottoms,110.00,41.25,XS-2XL,Adidas,Basketball FW26
ADBK0101BW,Adidas Woven Elite Short - Women's,Adidas,Jersey Bottoms,110.00,41.25,XS-2XL,Adidas,Basketball FW26
ADBK0102BW,Adidas Woven Elite Short - Women's,Adidas,Jersey Bottoms,110.00,41.25,XS-2XL,Adidas,Basketball FW26
ADBK0102TW,Adidas Woven Elite Jersey Standard Back - Women's,Adidas,Jersey Tops,150.00,56.25,XS-2XL,Adidas,Basketball FW26
ADBK0103TW,Adidas Woven Elite Jersey Standard Back - Women's,Adidas,Jersey Tops,150.00,56.25,XS-2XL,Adidas,Basketball FW26
ADBK0110TM,Adidas Mesh Elite Jersey w/ Side Panel - Men's,Adidas,Jersey Tops,115.00,43.13,S-5XL,Adidas,Basketball FW26
ADBK0111TM,Adidas Mesh Elite Jersey w/o Side Panel - Men's,Adidas,Jersey Tops,115.00,43.13,S-5XL,Adidas,Basketball FW26
ADBK0110BM,Adidas Mesh Elite Short Slanted Side Panel - Men's,Adidas,Jersey Bottoms,115.00,43.13,S-5XL,Adidas,Basketball FW26
ADBK0111BM,Adidas Mesh Elite Short Open Panel - Men's,Adidas,Jersey Bottoms,115.00,43.13,S-5XL,Adidas,Basketball FW26
ADBK0110TW,Adidas Mesh Elite Jersey Racer Back w/ Side Panel - Women's,Adidas,Jersey Tops,115.00,43.13,XS-2XL,Adidas,Basketball FW26
ADBK0111TW,Adidas Mesh Elite Jersey Racer Back w/o Side Panel - Women's,Adidas,Jersey Tops,115.00,43.13,XS-2XL,Adidas,Basketball FW26
ADBK0112TW,Adidas Mesh Elite Jersey Standard w/ Side Panel - Women's,Adidas,Jersey Tops,115.00,43.13,XS-2XL,Adidas,Basketball FW26
ADBK0113TW,Adidas Mesh Elite Jersey Standard w/o Side Panel - Women's,Adidas,Jersey Tops,115.00,43.13,XS-2XL,Adidas,Basketball FW26
ADBK0110BW,Adidas Mesh Elite Short Slanted - Women's,Adidas,Jersey Bottoms,115.00,43.13,XS-2XL,Adidas,Basketball FW26
ADBK0111BW,Adidas Mesh Elite Short Open Panel - Women's,Adidas,Jersey Bottoms,115.00,43.13,XS-2XL,Adidas,Basketball FW26
ADBK0110TY,Adidas Mesh Elite Jersey w/ Side Panel - Youth,Adidas,Jersey Tops,100.00,37.50,,Adidas,Basketball FW26
ADBK0111TY,Adidas Mesh Elite Jersey w/o Side Panel - Youth,Adidas,Jersey Tops,100.00,37.50,,Adidas,Basketball FW26
ADBK0110BY,Adidas Mesh Elite Short Slanted - Youth,Adidas,Jersey Bottoms,100.00,37.50,,Adidas,Basketball FW26
ADBK0111BY,Adidas Mesh Elite Short Open Panel - Youth,Adidas,Jersey Bottoms,100.00,37.50,,Adidas,Basketball FW26
ADBK2147TM,Adidas Reversible Practice Jersey - Men's,Adidas,Jersey Tops,100.00,37.50,,Adidas,Basketball FW26
ADBK2147TY,Adidas Reversible Practice Jersey - Youth,Adidas,Jersey Tops,100.00,37.50,,Adidas,Basketball FW26
ADBK2148BM,Adidas Practice Short - Men's,Adidas,Jersey Bottoms,75.00,28.13,,Adidas,Basketball FW26
ADBK2148BY,Adidas Practice Short - Youth,Adidas,Jersey Bottoms,75.00,28.13,,Adidas,Basketball FW26
AD03046M,Adidas Loose Fit Hoodie - Men's,Adidas,Hoodies,95.00,35.63,XS-5XL,Adidas,Training / Basketball / Esports
AD03046W,Adidas Loose Fit Hoodie - Women's,Adidas,Hoodies,95.00,35.63,XS-5XL,Adidas,Training / Basketball / Esports
AD03046Y,Adidas Loose Fit Hoodie - Youth,Adidas,Hoodies,95.00,35.63,,Adidas,Training
AD03016M,Adidas Loose Fit Training Shirt - Men's,Adidas,Tees,70.00,26.25,XS-5XL,Adidas,Training / Basketball / Esports
AD03016W,Adidas Loose Fit Training Shirt - Women's,Adidas,Tees,70.00,26.25,XS-5XL,Adidas,Training / Basketball / Esports
AD03016Y,Adidas Loose Fit Training Shirt - Youth,Adidas,Tees,40.00,15.00,,Adidas,Training / Basketball
AD03096M,Adidas Jersey with Mesh Inserts - Men's,Adidas,Jersey Tops,85.00,31.88,,Adidas,Soccer
AD03096W,Adidas Jersey with Mesh Inserts - Women's,Adidas,Jersey Tops,85.00,31.88,,Adidas,Soccer
AD03096Y,Adidas Jersey with Mesh Inserts - Youth,Adidas,Jersey Tops,85.00,31.88,,Adidas,Soccer
AD03097M,Adidas Short with Mesh Inserts - Men's,Adidas,Jersey Bottoms,65.00,24.38,,Adidas,Soccer
AD03097W,Adidas Short with Mesh Inserts - Women's,Adidas,Jersey Bottoms,65.00,24.38,,Adidas,Soccer
AD03097Y,Adidas Short with Mesh Inserts - Youth,Adidas,Jersey Bottoms,65.00,24.38,,Adidas,Soccer
AD03051M,Adidas Utility Shocklite Jersey - Men's,Adidas,Jersey Tops,85.00,31.88,,Adidas,Soccer
AD03051W,Adidas Utility Shocklite Jersey - Women's,Adidas,Jersey Tops,85.00,31.88,,Adidas,Soccer
AD03051Y,Adidas Utility Shocklite Jersey - Youth,Adidas,Jersey Tops,85.00,31.88,,Adidas,Soccer
AD03026M,Adidas Utility Shocklite Short - Men's,Adidas,Jersey Bottoms,65.00,24.38,,Adidas,Soccer
AD03026W,Adidas Utility Shocklite Short - Women's,Adidas,Jersey Bottoms,65.00,24.38,,Adidas,Soccer
AD03026Y,Adidas Utility Shocklite Short - Youth,Adidas,Jersey Bottoms,65.00,24.38,,Adidas,Soccer
AD05002W,Adidas Sleeveless Volleyball Jersey - Women's,Adidas,Jersey Tops,105.00,39.38,XS-2XL,Adidas,Volleyball FW26
AD05002G,Adidas Sleeveless Volleyball Jersey - Girls',Adidas,Jersey Tops,100.00,37.50,,Adidas,Volleyball FW26
AD05000W-MSH,Adidas Long Sleeve Volleyball Jersey - Women's,Adidas,Jersey Tops,115.00,43.13,XS-2XL,Adidas,Volleyball FW26
AD05000G-MSH,Adidas Long Sleeve Volleyball Jersey - Girls',Adidas,Jersey Tops,110.00,41.25,,Adidas,Volleyball FW26
AD05000W-MSM,Adidas Short Sleeve Volleyball Jersey - Women's,Adidas,Jersey Tops,105.00,39.38,XS-2XL,Adidas,Volleyball FW26
AD05000G-MSM,Adidas Short Sleeve Volleyball Jersey - Girls',Adidas,Jersey Tops,100.00,37.50,,Adidas,Volleyball FW26
AD05005M,Adidas Loose Fit Volleyball Jersey - Men's,Adidas,Jersey Tops,105.00,39.38,,Adidas,Volleyball FW26
AD05006M,Adidas Men's Volleyball Short - Men's,Adidas,Jersey Bottoms,75.00,28.13,,Adidas,Volleyball FW26
AD05010W,Adidas Arm Sleeve - Women's/Youth,Adidas,Hats,30.00,11.25,,Adidas,Volleyball FW26
AD01622M,Adidas Loose Fit Singlet - Men's,Adidas,Jersey Tops,90.00,33.75,XS-4XL,Adidas,Cross Country / Track
AD01622W,Adidas Loose Fit Singlet - Women's,Adidas,Jersey Tops,90.00,33.75,XS-2XL,Adidas,Cross Country / Track
AD01631M,Adidas Split Short - Men's,Adidas,Jersey Bottoms,90.00,33.75,XS-4XL,Adidas,Cross Country / Track
AD01631W,Adidas Split Short - Women's,Adidas,Jersey Bottoms,90.00,33.75,XS-2XL,Adidas,Cross Country / Track
AD01623M,Adidas Compression Top - Men's,Adidas,Jersey Tops,105.00,39.38,XS-4XL,Adidas,Cross Country / Track
AD01623W,Adidas Compression Top - Women's,Adidas,Jersey Tops,105.00,39.38,XS-2XL,Adidas,Cross Country / Track
AD01630M,Adidas Short Tight - Men's,Adidas,Jersey Bottoms,105.00,39.38,,Adidas,Cross Country / Track
AD01633M,Adidas 3/4 Tight - Men's,Adidas,Jersey Bottoms,105.00,39.38,,Adidas,Cross Country / Track
AD01634M,Adidas Long Tight - Men's,Adidas,Jersey Bottoms,105.00,39.38,,Adidas,Cross Country / Track
AD01632W,Adidas Brief - Women's,Adidas,Jersey Bottoms,55.00,20.63,,Adidas,Cross Country / Track
AD01630W,Adidas Compression Short - Women's,Adidas,Jersey Bottoms,105.00,39.38,,Adidas,Cross Country / Track
AD01633W,Adidas 3/4 Tight - Women's,Adidas,Jersey Bottoms,105.00,39.38,,Adidas,Cross Country / Track
AD01634W,Adidas Long Tight - Women's,Adidas,Jersey Bottoms,105.00,39.38,,Adidas,Cross Country / Track
AD01610M,Adidas Compression Tank - Men's,Adidas,Jersey Tops,75.00,28.13,,Adidas,Cross Country / Track
AD03015M,Adidas Compression Shirt - Men's,Adidas,Jersey Tops,60.00,22.50,,Adidas,Training / Cross Country
AD01610W,Adidas Compression Tank - Women's,Adidas,Jersey Tops,60.00,22.50,,Adidas,Cross Country / Track
AD01601M,Adidas Short Tight - Men's,Adidas,Jersey Bottoms,70.00,26.25,,Adidas,Cross Country / Track
AD01605M,Adidas 3/4 Tight - Men's,Adidas,Jersey Bottoms,70.00,26.25,,Adidas,Cross Country / Track
AD01606M,Adidas Long Tight - Men's,Adidas,Jersey Bottoms,70.00,26.25,,Adidas,Cross Country / Track
AD01609W,Adidas Brief - Women's,Adidas,Jersey Bottoms,45.00,16.88,,Adidas,Cross Country / Track
AD01604W,Adidas Boxer Brief - Women's,Adidas,Jersey Bottoms,55.00,20.63,,Adidas,Cross Country / Track
AD01605W,Adidas 3/4 Tight - Women's,Adidas,Jersey Bottoms,70.00,26.25,,Adidas,Cross Country / Track
AD01606W,Adidas Long Tight - Women's,Adidas,Jersey Bottoms,70.00,26.25,,Adidas,Cross Country / Track
AD03095M,Adidas Loose Fit Training Shirt - Men's,Adidas,Tees,65.00,24.38,XS-5XL,Adidas,Training FW26
AD03095W,Adidas Loose Fit Training Shirt - Women's,Adidas,Tees,65.00,24.38,XS-2XL,Adidas,Training FW26
AD03095Y,Adidas Loose Fit Training Shirt - Youth,Adidas,Tees,65.00,24.38,,Adidas,Training FW26
AD03047M,Adidas Loose Fit 1/4 Zip Shirt - Men's,Adidas,1/4 Zips,85.00,31.88,XS-5XL,Adidas,Training FW26
AD03047W,Adidas Loose Fit 1/4 Zip Shirt - Women's,Adidas,1/4 Zips,85.00,31.88,XS-2XL,Adidas,Training FW26
AD03047Y,Adidas Loose Fit 1/4 Zip Shirt - Youth,Adidas,1/4 Zips,85.00,31.88,,Adidas,Training FW26
AD03017M,Adidas Loose Fit Practice Short - Men's,Adidas,Shorts,60.00,22.50,XS-5XL,Adidas,Training FW26
AD03017W,Adidas Loose Fit Practice Short - Women's,Adidas,Shorts,60.00,22.50,XS-2XL,Adidas,Training FW26
AD03017Y,Adidas Loose Fit Practice Short - Youth,Adidas,Shorts,60.00,22.50,,Adidas,Training FW26
AD00601M,Adidas Gaiter Compression Shirt - Men's,Adidas,Jersey Tops,65.00,24.38,,Adidas,Training FW26
AD03091M,Adidas Compression Shirt with Mesh Inserts - Men's,Adidas,Jersey Tops,63.00,23.63,,Adidas,Training FW26
AD03091W,Adidas Compression Shirt with Mesh Inserts - Women's,Adidas,Jersey Tops,63.00,23.63,,Adidas,Training FW26
AD03091Y,Adidas Compression Shirt with Mesh Inserts - Youth,Adidas,Jersey Tops,63.00,23.63,,Adidas,Training FW26
AD03015W,Adidas Compression Shirt - Women's,Adidas,Jersey Tops,60.00,22.50,,Adidas,Training FW26
AD03015Y,Adidas Compression Shirt - Youth,Adidas,Jersey Tops,60.00,22.50,,Adidas,Training FW26
AD03094M,Adidas Compression Short with Mesh Inserts - Men's,Adidas,Jersey Bottoms,55.00,20.63,,Adidas,Training FW26
AD03094W,Adidas Compression Short with Mesh Inserts - Women's,Adidas,Jersey Bottoms,55.00,20.63,,Adidas,Training FW26
AD03094Y,Adidas Compression Short with Mesh Inserts - Youth,Adidas,Jersey Bottoms,55.00,20.63,,Adidas,Training FW26
AD03092M,Adidas Compression Long Tight with Mesh Inserts - Men's,Adidas,Jersey Bottoms,65.00,24.38,,Adidas,Training FW26
AD03092Y,Adidas Compression Long Tight with Mesh Inserts - Youth,Adidas,Jersey Bottoms,65.00,24.38,,Adidas,Training FW26
AD03093M,Adidas Compression 3/4 Tight with Mesh Inserts - Men's,Adidas,Jersey Bottoms,60.00,22.50,,Adidas,Training FW26
AD03093Y,Adidas Compression 3/4 Tight with Mesh Inserts - Youth,Adidas,Jersey Bottoms,60.00,22.50,,Adidas,Training FW26
AD03022M,Adidas Compression Long Tight - Men's,Adidas,Jersey Bottoms,81.00,30.38,,Adidas,Training FW26
AD03022W,Adidas Compression Long Tight - Women's,Adidas,Jersey Bottoms,81.00,30.38,,Adidas,Training FW26
AD03022Y,Adidas Compression Long Tight - Youth,Adidas,Jersey Bottoms,81.00,30.38,,Adidas,Training FW26
AD03019M,Adidas Compression 3/4 Tight - Men's,Adidas,Jersey Bottoms,75.00,28.13,,Adidas,Training FW26
AD03019W,Adidas Compression 3/4 Tight - Women's,Adidas,Jersey Bottoms,75.00,28.13,,Adidas,Training FW26
AD03019Y,Adidas Compression 3/4 Tight - Youth,Adidas,Jersey Bottoms,75.00,28.13,,Adidas,Training FW26
AD02156M,Adidas Shocklite Fleece Hood - Men's,Adidas,Hoodies,110.00,41.25,XS-4XL,Adidas,Sideline / Esports
AD02156W,Adidas Shocklite Fleece Hood - Women's,Adidas,Hoodies,110.00,41.25,XS-2XL,Adidas,Sideline / Esports
AD02156Y,Adidas Shocklite Fleece Hood - Youth,Adidas,Hoodies,50.00,18.75,,Adidas,Sideline
AD02159M,Adidas Shocklite Fleece Sleeveless - Men's,Adidas,Hoodies,110.00,41.25,XS-4XL,Adidas,Sideline FW26
AD02159W,Adidas Shocklite Fleece Sleeveless - Women's,Adidas,Hoodies,110.00,41.25,XS-2XL,Adidas,Sideline FW26
AD02159Y,Adidas Shocklite Fleece Sleeveless - Youth,Adidas,Hoodies,90.00,33.75,,Adidas,Sideline FW26
AD02157M,Adidas Shocklite Fleece 1/4 Zip - Men's,Adidas,1/4 Zips,110.00,41.25,XS-4XL,Adidas,Sideline FW26
AD02157W,Adidas Shocklite Fleece 1/4 Zip - Women's,Adidas,1/4 Zips,110.00,41.25,XS-2XL,Adidas,Sideline FW26
AD02157Y,Adidas Shocklite Fleece 1/4 Zip - Youth,Adidas,1/4 Zips,90.00,33.75,,Adidas,Sideline FW26
AD02158M,Adidas Shocklite Fleece Pant - Men's,Adidas,Jersey Bottoms,110.00,41.25,XS-4XL,Adidas,Sideline FW26
AD02158W,Adidas Shocklite Fleece Pant - Women's,Adidas,Jersey Bottoms,110.00,41.25,XS-2XL,Adidas,Sideline FW26
AD02158Y,Adidas Shocklite Fleece Pant - Youth,Adidas,Jersey Bottoms,90.00,33.75,,Adidas,Sideline FW26
AD04727M,Adidas Prospect Jersey - Men's,Adidas,Jersey Tops,125.00,46.88,S-3XL,Adidas,Men Lacrosse SS27
AD04728M,Adidas Prospect Short - Men's,Adidas,Jersey Bottoms,105.00,39.38,S-3XL,Adidas,Men Lacrosse SS27
AD04725M,Adidas Finalizer Jersey - Men's,Adidas,Jersey Tops,125.00,46.88,S-3XL,Adidas,Men Lacrosse SS27
AD04726M,Adidas Finalizer Short - Men's,Adidas,Jersey Bottoms,105.00,39.38,S-3XL,Adidas,Men Lacrosse SS27
AD04721M,Adidas Blue Chip Jersey - Men's,Adidas,Jersey Tops,125.00,46.88,S-3XL,Adidas,Men Lacrosse SS27
AD04722M,Adidas Blue Chip Short - Men's,Adidas,Jersey Bottoms,105.00,39.38,S-3XL,Adidas,Men Lacrosse SS27
AD04719M,Adidas Showcase Jersey - Men's,Adidas,Jersey Tops,125.00,46.88,S-3XL,Adidas,Men Lacrosse SS27
AD04720M,Adidas Showcase Short - Men's,Adidas,Jersey Bottoms,105.00,39.38,S-3XL,Adidas,Men Lacrosse SS27
AD04585M,Adidas Finalizer Reversible Pinnie - Men's,Adidas,Jersey Tops,85.00,31.88,S-3XL,Adidas,Men Lacrosse SS27
AD04586M,Adidas Finalizer Short 2.0 - Men's,Adidas,Jersey Bottoms,85.00,31.88,S-3XL,Adidas,Men Lacrosse SS27
AD04723M,Adidas Club Reversible Pinnie - Men's,Adidas,Jersey Tops,75.00,28.13,S-3XL,Adidas,Men Lacrosse SS27
AD04724M,Adidas Club Short - Men's,Adidas,Jersey Bottoms,75.00,28.13,S-3XL,Adidas,Men Lacrosse SS27
