Product,Name,Color,Size,Article #,UPC #,FW26 MSRP,Availability,Adidas Article #,,FW25 MSRP
Bags,Adidas Three-Stripe Spinner Carry-On Wheel Bag,Black,OSFA,5159759,8.88E+11,$365.00,Carry Over,JK2738,,$350.00
Bags,Adidas Adidas Team Wheel Bag,Black,OSFA,5159465,8.88E+11,$240.00,Carry Over,JJ7799,,$225.00
Bags,Adidas Duel 21-Inch Wheel Bag,Black,OSFA,5160021,8.88E+11,$195.00,Carry Over,JK4966,,$180.00
Bags,Adidas Team XL II Wheel Bag,Black,OSFA,5159456,8.88E+11,$150.00,Carry Over,JJ7432,,$130.00
Bags,Adidas Locker Room Baseball Duffel,Onix Grey/Black,OSFA,5159403,8.88E+11,$130.00,Carry Over,JJ7506,,$120.00
Bags,Adidas Locker Room Baseball Duffel,Black,OSFA,5159420,8.88E+11,$130.00,Carry Over,JJ7429,,$120.00
Bags,Adidas Team Carry XL Duffel,Black,OSFA,5159523,8.88E+11,$130.00,Carry Over,JJ7825,,$125.00
Bags,Adidas Utility XL Team Backpack,Team Onix Grey,OSFA,5159520,8.88E+11,$105.00,Carry Over,JJ7828,,$100.00
Bags,Adidas Select Backpack,Black,OSFA,5160158,8.88E+11,$95.00,Carry Over,JK5220,,$90.00
Bags,Adidas Select Backpack,Team Power Red 2/Black,OSFA,5161390,8.88E+11,$95.00,12/1/25,JL3998,,$90.00
Bags,Adidas Select Backpack,White/Black/Gold Metallic,OSFA,5161889,8.88E+11,$95.00,12/1/25,KK8007,,$90.00
Bags,Adidas 5-Star Team 2 Backpack,Jersey Onix Grey,OSFA,5157751,8.88E+11,$80.00,Carry Over,IR0730,,$75.00
Bags,Adidas 5-Star Team 2 Backpack,Team Royal Blue,OSFA,5157755,8.88E+11,$80.00,Carry Over,IR0731,,$75.00
Bags,Adidas 5-Star Team 2 Backpack,Team Navy Blue 2,OSFA,5157762,8.88E+11,$80.00,Carry Over,IR0732,,$75.00
Bags,Adidas 5-Star Team 2 Backpack,Team Dark Green,OSFA,5157781,8.88E+11,$80.00,Carry Over,IR0733,,$75.00
Bags,Adidas 5-Star Team 2 Backpack,Black,OSFA,5157787,8.88E+11,$80.00,Carry Over,IR0734,,$75.00
Bags,Adidas 5-Star Team 2 Backpack,White,OSFA,5157793,8.88E+11,$80.00,Carry Over,IR0735,,$75.00
Bags,Adidas 5-Star Team 2 Backpack,Team Collegiate Burgundy,OSFA,5157796,8.88E+11,$80.00,Carry Over,IR0736,,$75.00
Bags,Adidas 5-Star Team 2 Backpack,Team Collegiate Purple,OSFA,5157801,8.88E+11,$80.00,Carry Over,IR0737,,$75.00
Bags,Adidas 5-Star Team 2 Backpack,Team Power Red 2,OSFA,5157814,8.88E+11,$80.00,Carry Over,IR0738,,$75.00
Bags,Adidas Stadium Messenger,Black,OSFA,5159513,8.88E+11,$75.00,Carry Over,JJ7431,,$70.00
Bags,Adidas Stadium 4 Backpack,Team Dark Green,OSFA,5159368,8.88E+11,$65.00,Carry Over,JJ7585,,$60.00
Bags,Adidas Stadium 4 Backpack,Team Shock Pink 2,OSFA,5159379,8.88E+11,$65.00,Carry Over,JJ7715,,$60.00
Bags,Adidas Stadium 4 Backpack,Team Light Blue,OSFA,5159389,8.88E+11,$65.00,Carry Over,JJ7587,,$60.00
Bags,Adidas Stadium 4 Backpack,Team Navy Blue 2,OSFA,5159406,8.88E+11,$65.00,Carry Over,JJ7774,,$60.00
Bags,Adidas Stadium 4 Backpack,Team Power Red 2/White,OSFA,5159407,8.88E+11,$65.00,Carry Over,JJ7725,,$60.00
Bags,Adidas Stadium 4 Backpack,Team Royal Blue,OSFA,5159440,8.88E+11,$65.00,Carry Over,JJ7593,,$60.00
Bags,Adidas Stadium 4 Backpack,Team Dark Grey,OSFA,5159481,8.88E+11,$65.00,Carry Over,JJ7618,,$60.00
Bags,Adidas Stadium 4 Backpack,Team Light Grey,OSFA,5159492,8.88E+11,$65.00,Carry Over,JJ7613,,$60.00
Bags,Adidas Stadium 4 Backpack,Team Orange,OSFA,5159498,8.88E+11,$65.00,Carry Over,JJ7627,,$60.00
Bags,Adidas Stadium 4 Backpack,Black,OSFA,5159512,8.88E+11,$65.00,Carry Over,JJ7421,,$60.00
Bags,Adidas Defender 5 Large Duffel,Team Power Red 2/White,OSFA,5159382,8.88E+11,$60.00,Carry Over,JJ7727,,$55.00
Bags,Adidas Defender 5 Large Duffel,Team Royal Blue,OSFA,5159426,8.88E+11,$60.00,Carry Over,JJ7595,,$55.00
Bags,Adidas Defender 5 Large Duffel,Team Dark Grey,OSFA,5159439,8.88E+11,$60.00,Carry Over,JJ7620,,$55.00
Bags,Adidas Defender 5 Large Duffel,Black,OSFA,5159457,8.88E+11,$60.00,Carry Over,JJ7426,,$55.00
Bags,Adidas Team Issue II Medium Duffel,Jersey Onix Grey,OSFA,5159370,8.88E+11,$60.00,Carry Over,JJ7581,,$55.00
Bags,Adidas Team Issue II Medium Duffel,Team Power Red 2,OSFA,5159386,8.88E+11,$60.00,Carry Over,JJ7728,,$55.00
Bags,Adidas Team Issue II Medium Duffel,Team Collegiate Purple,OSFA,5159402,8.88E+11,$60.00,Carry Over,JJ7582,,$55.00
Bags,Adidas Team Issue II Medium Duffel,Team Orange,OSFA,5159419,8.88E+11,$60.00,Carry Over,JJ7628,,$55.00
Bags,Adidas Team Issue II Medium Duffel,Team Light Blue,OSFA,5159441,8.88E+11,$60.00,Carry Over,JJ7588,,$55.00
Bags,Adidas Team Issue II Medium Duffel,Team Navy Blue 2,OSFA,5159448,8.88E+11,$60.00,Carry Over,JJ7776,,$55.00
Bags,Adidas Team Issue II Medium Duffel,Team Dark Green,OSFA,5159458,8.88E+11,$60.00,Carry Over,JJ7586,,$55.00
Bags,Adidas Team Issue II Medium Duffel,Team Maroon,OSFA,5159469,8.88E+11,$60.00,Carry Over,JJ7612,,$55.00
Bags,Adidas Team Issue II Medium Duffel,White,OSFA,5159476,8.88E+11,$60.00,Carry Over,JJ7522,,$55.00
Bags,Adidas Team Issue II Medium Duffel,Team Onix Grey,OSFA,5159479,8.88E+11,$60.00,Carry Over,JJ7615,,$55.00
Bags,Adidas Team Issue II Medium Duffel,Team Royal Blue,OSFA,5159487,8.88E+11,$60.00,Carry Over,JJ7596,,$55.00
Bags,Adidas Team Issue II Medium Duffel,Black,OSFA,5159501,8.88E+11,$60.00,Carry Over,JJ7428,,$55.00
Bags,Adidas Team Issue II Medium Duffel,Team Shock Pink 2,OSFA,5159515,8.88E+11,$60.00,Carry Over,JJ7716,,$55.00
Bags,Adidas Defender 5 Backpack,Team Power Red 2/White,OSFA,5159373,8.88E+11,$58.00,Carry Over,JJ7726,,$55.00
Bags,Adidas Defender 5 Backpack,Twill Onix Grey/Black,OSFA,5159374,8.88E+11,$58.00,Carry Over,JJ7719,,$55.00
Bags,Adidas Defender 5 Backpack,Team Dark Grey,OSFA,5159381,8.88E+11,$58.00,Carry Over,JJ7619,,$55.00
Bags,Adidas Defender 5 Backpack,Black/Black,OSFA,5159394,8.88E+11,$58.00,Carry Over,JJ7424,,$55.00
Bags,Adidas Defender 5 Backpack,Black,OSFA,5159409,8.88E+11,$58.00,Carry Over,JJ7423,,$55.00
Bags,Adidas Defender 5 Backpack,Team Navy Blue 2,OSFA,5159496,8.88E+11,$58.00,Carry Over,JJ7775,,$55.00
Bags,Adidas Defender 5 Backpack,Team Royal Blue,OSFA,5159507,8.88E+11,$58.00,Carry Over,JJ7594,,$55.00
Bags,Adidas Defender 5 Backpack,White/Gold Metallic/Black,OSFA,5159508,8.88E+11,$58.00,Carry Over,JJ7521,,$55.00
Bags,Adidas 30 Can Tote Cooler Bag,Black,OSFA,5160175,8.88E+11,$55.00,Carry Over,JK7866,,$50.00
Bags,Adidas 30 Can Tote Cooler Bag,Collegiate Navy/Black,OSFA,5160710,8.88E+11,$55.00,Carry Over,JK7867,,$50.00
Bags,Adidas 30 Can Tote Cooler Bag,Silver Pebble Grey/Black,OSFA,5160712,8.88E+11,$55.00,Carry Over,JK7869,,$50.00
Bags,Adidas 30 Can Tote Cooler Bag,Grey Four/Black,OSFA,5160715,8.88E+11,$55.00,Carry Over,JK7868,,$50.00
Bags,Adidas Stadium Ball Bag,Black/White,OSFA,5159490,8.88E+11,$55.00,Carry Over,JJ7413,,$50.00
Bags,Adidas 24 Can Cooler Bag,Black,OSFA,5160159,8.88E+11,$52.00,Carry Over,JK7874,,$50.00
Bags,Adidas 24 Can Cooler Bag,Silver Pebble Grey/Black,OSFA,5160707,8.88E+11,$52.00,Carry Over,JK7877,,$50.00
Bags,Adidas 24 Can Cooler Bag,Grey Four/Black,OSFA,5160711,8.88E+11,$52.00,Carry Over,JK7876,,$50.00
Bags,Adidas 24 Can Cooler Bag,Collegiate Navy/Black,OSFA,5160713,8.88E+11,$52.00,Carry Over,JK7875,,$50.00
Bags,Adidas Defender 5 Medium Duffel,Team Power Red 2/White,OSFA,5159376,8.88E+11,$50.00,Carry Over,JJ7723,,$45.00
Bags,Adidas Defender 5 Medium Duffel,Team Navy Blue 2,OSFA,5159395,8.88E+11,$50.00,Carry Over,JJ7772,,$45.00
Bags,Adidas Defender 5 Medium Duffel,Team Royal Blue,OSFA,5159410,8.88E+11,$50.00,Carry Over,JJ7589,,$45.00
Bags,Adidas Defender 5 Medium Duffel,Twill Onix Grey/Black,OSFA,5159430,8.88E+11,$50.00,Carry Over,JJ7717,,$45.00
Bags,Adidas Defender 5 Medium Duffel,Team Dark Grey,OSFA,5159442,8.88E+11,$50.00,Carry Over,JJ7616,,$45.00
Bags,Adidas Defender 5 Medium Duffel,Team Shock Pink 2,OSFA,5159446,8.88E+11,$50.00,Carry Over,JJ7713,,$45.00
Bags,Adidas Defender 5 Medium Duffel,Black,OSFA,5159459,8.88E+11,$50.00,Carry Over,JJ7406,,$45.00
Bags,Adidas Defender 5 Medium Duffel,Team Dark Green,OSFA,5159460,8.88E+11,$50.00,Carry Over,JJ7583,,$45.00
Bags,Adidas Defender 5 Medium Duffel,Black/Silver Metallic,OSFA,5159463,8.88E+11,$50.00,Carry Over,JJ7407,,$45.00
Bags,Adidas Striker 3 Backpack,Team Maroon 2,OSFA,5160146,8.88E+11,$48.00,Carry Over,JK5233,,$45.00
Bags,Adidas Striker 3 Backpack,Team Collegiate Purple,OSFA,5160189,8.88E+11,$48.00,Carry Over,JK5228,,$45.00
Bags,Adidas Striker 3 Backpack,Black,OSFA,5160193,8.88E+11,$48.00,Carry Over,JK5227,,$45.00
Bags,Adidas Striker 3 Backpack,Team Shock Pink 2,OSFA,5160194,8.88E+11,$48.00,Carry Over,JK5231,,$45.00
Bags,Adidas Striker 3 Backpack,Team Navy Blue 2,OSFA,5160202,8.88E+11,$48.00,Carry Over,JK5234,,$45.00
Bags,Adidas Striker 3 Backpack,Team Dark Green,OSFA,5160219,8.88E+11,$48.00,Carry Over,JK5229,,$45.00
Bags,Adidas Striker 3 Backpack,Team Power Red 2,OSFA,5160245,8.88E+11,$48.00,Carry Over,JK5232,,$45.00
Bags,Adidas Striker 3 Backpack,Team Royal Blue,OSFA,5160287,8.88E+11,$48.00,Carry Over,JK5230,,$45.00
Bags,Adidas Defender 5 Small Duffel,Team Dark Green,OSFA,5159391,8.88E+11,$45.00,Carry Over,JJ7584,,$40.00
Bags,Adidas Defender 5 Small Duffel,Team Navy Blue 2,OSFA,5159399,8.88E+11,$45.00,Carry Over,JJ7773,,$40.00
Bags,Adidas Defender 5 Small Duffel,Twill Onix Grey/Black,OSFA,5159418,8.88E+11,$45.00,Carry Over,JJ7718,,$40.00
Bags,Adidas Defender 5 Small Duffel,Team Power Red 2/White,OSFA,5159425,8.88E+11,$45.00,Carry Over,JJ7724,,$40.00
Bags,Adidas Defender 5 Small Duffel,Team Royal Blue,OSFA,5159428,8.88E+11,$45.00,Carry Over,JJ7592,,$40.00
Bags,Adidas Defender 5 Small Duffel,Team Shock Pink 2,OSFA,5159434,8.88E+11,$45.00,Carry Over,JJ7714,,$40.00
Bags,Adidas Defender 5 Small Duffel,Team Dark Grey,OSFA,5159445,8.88E+11,$45.00,Carry Over,JJ7617,,$40.00
Bags,Adidas Defender 5 Small Duffel,Black/Silver Metallic,OSFA,5159451,8.88E+11,$45.00,Carry Over,JJ7411,,$40.00
Bags,Adidas Defender 5 Small Duffel,Black,OSFA,5159462,8.88E+11,$45.00,Carry Over,JJ7410,,$40.00
Bags,Adidas Defender 5 Small Duffel,Black/Gold Metallic,OSFA,5159482,8.88E+11,$45.00,Carry Over,JJ7436,,$40.00
Bags,Adidas Defender 5 Small Duffel,Twill White/Black,OSFA,5159491,8.88E+11,$45.00,Carry Over,JJ7732,,$40.00
Bags,Adidas Defender 5 Small Duffel,Twill Grey/Rose Gold,OSFA,5159509,8.88E+11,$45.00,Carry Over,JJ7731,,$40.00
Bags,Adidas 12 Can Cooler Bag,Black,OSFA,5160237,8.88E+11,$42.00,Carry Over,JK7870,,$40.00
Bags,Adidas 12 Can Cooler Bag,Collegiate Navy/Black,OSFA,5160708,8.88E+11,$42.00,Carry Over,JK7871,,$40.00
Bags,Adidas 12 Can Cooler Bag,Grey Four/Black,OSFA,5160709,8.88E+11,$42.00,Carry Over,JK7872,,$40.00
Bags,Adidas 12 Can Cooler Bag,Silver Pebble Grey/Black,OSFA,5160714,8.88E+11,$42.00,Carry Over,JK7873,,$40.00
Bags,Adidas Clear Crossbody,Clear/Black,OSFA,5160259,8.88E+11,$30.00,Carry Over,JK5156,,$25.00
Bags,Adidas Clear Crossbody,Clear/Bold Blue/Better Scarlet,OSFA,5162196,8.88E+11,$30.00,12/1/25,KL1879,,$25.00
Bags,Adidas Stadium II Team Glove Bag,Black,OSFA,5159443,8.88E+11,$28.00,Carry Over,JJ7430,,$25.00
Bags,Adidas Team Toiletry Kit,Black,OSFA,5159408,8.88E+11,$28.00,Carry Over,JJ7414,,$25.00
Bags,Adidas Stadium II Team Shoe Bag,Black,OSFA,5159488,8.88E+11,$25.00,Carry Over,JJ7427,,$25.00
Bags,Adidas Alliance 3 Sackpack,Twill Onix Grey/Black,OSFA,5160162,8.88E+11,$22.00,Carry Over,JK5151,,$20.00
Bags,Adidas Alliance 3 Sackpack,Team Shock Pink 2/White,OSFA,5160183,8.88E+11,$22.00,Carry Over,JK5150,,$20.00
Bags,Adidas Alliance 3 Sackpack,Black,OSFA,5160185,8.88E+11,$22.00,Carry Over,JK5142,,$20.00
Bags,Adidas Alliance 3 Sackpack,Team Navy Blue 2,OSFA,5160223,8.88E+11,$22.00,Carry Over,JK5155,,$20.00
Bags,Adidas Alliance 3 Sackpack,White/Black,OSFA,5160240,8.88E+11,$22.00,Carry Over,JK5144,,$20.00
Bags,Adidas Alliance 3 Sackpack,Team Royal Blue,OSFA,5160250,8.88E+11,$22.00,Carry Over,JK5145,,$20.00
Bags,Adidas Alliance 3 Sackpack,Team Power Red 2,OSFA,5160273,8.88E+11,$22.00,Carry Over,JK5152,,$20.00
Bags,Adidas Alliance 3 Sackpack,Black/Gold Metallic,OSFA,5160280,8.88E+11,$22.00,Carry Over,JK5143,,$20.00
Bags,Adidas Stadium Sackpack,Team Power Red 2/White,OSFA,5160152,8.88E+11,$22.00,Carry Over,JK5225,,$20.00
Bags,Adidas Stadium Sackpack,Black,OSFA,5160174,8.88E+11,$22.00,Carry Over,JK5222,,$20.00
Bags,Adidas Stadium Sackpack,True Pink/Black,OSFA,5160200,8.88E+11,$22.00,Carry Over,JK5223,,$20.00
Bags,Adidas Stadium Sackpack,Team Light Grey/White,OSFA,5160241,8.88E+11,$22.00,Carry Over,JK5224,,$20.00
Bags,Adidas Stadium Sackpack,Team Navy Blue 2/White,OSFA,5160265,8.88E+11,$22.00,Carry Over,JK5226,,$20.00
Bags,Adidas Tournament III Sackpack,Black/White,OSFA,5159516,8.88E+11,$14.00,Carry Over,JJ7826,,$12.00
Bags,Adidas Tournament III Sackpack,Jersey Onix Grey/Black,OSFA,5159519,8.88E+11,$14.00,Carry Over,JJ7827,,$12.00
Hats,Adidas Unisex Fundamental Victory Bucket,Black/White,S/M,5161242A,8.88E+11,$36.00,Carry Over,JL3236,,$34.00
Hats,Adidas Unisex Fundamental Victory Bucket,Black/White,L/XL,5161242B,8.88E+11,$36.00,Carry Over,JL3236,,$34.00
Hats,Adidas Unisex Fundamental Victory Bucket,Team Dark Grey/Black,S/M,5161243A,8.88E+11,$36.00,Carry Over,JL3238,,$34.00
Hats,Adidas Unisex Fundamental Victory Bucket,Team Dark Grey/Black,L/XL,5161243B,8.88E+11,$36.00,Carry Over,JL3238,,$34.00
Hats,Adidas Unisex Fundamental Victory Bucket,White/Black,S/M,5161244A,8.88E+11,$36.00,Carry Over,JL3237,,$34.00
Hats,Adidas Unisex Fundamental Victory Bucket,White/Black,L/XL,5161244B,8.88E+11,$36.00,Carry Over,JL3237,,$34.00
Hats,Adidas Unisex Fundamental Victory Bucket,Team Navy Blue 2/Black,S/M,5161245A,8.88E+11,$36.00,Carry Over,JL3239,,$34.00
Hats,Adidas Unisex Fundamental Victory Bucket,Team Navy Blue 2/Black,L/XL,5161245B,8.88E+11,$36.00,Carry Over,JL3239,,$34.00
Hats,Adidas Unisex Fundamental Gameday Stretch,Black/Team Dark Grey,S/M,5161234A,8.88E+11,$30.00,Carry Over,JL3240,,$28.00
Hats,Adidas Unisex Fundamental Gameday Stretch,Black/Team Dark Grey,L/XL,5161234B,8.88E+11,$30.00,Carry Over,JL3240,,$28.00
Hats,Adidas Unisex Fundamental Gameday Stretch,Team Dark Grey/White,S/M,5161235A,8.88E+11,$30.00,Carry Over,JL3242,,$28.00
Hats,Adidas Unisex Fundamental Gameday Stretch,Team Dark Grey/White,L/XL,5161235B,8.88E+11,$30.00,Carry Over,JL3242,,$28.00
Hats,Adidas Unisex Fundamental Gameday Stretch,White/Black,S/M,5161236A,8.88E+11,$30.00,Carry Over,JL3241,,$28.00
Hats,Adidas Unisex Fundamental Gameday Stretch,White/Black,L/XL,5161236B,8.88E+11,$30.00,Carry Over,JL3241,,$28.00
Hats,Adidas Unisex Fundamental Gameday Stretch,Team Navy Blue 2/Team Dark Grey,S/M,5161237A,8.88E+11,$30.00,Carry Over,JL3243,,$28.00
Hats,Adidas Unisex Fundamental Gameday Stretch,Team Navy Blue 2/Team Dark Grey,L/XL,5161237B,8.88E+11,$30.00,Carry Over,JL3243,,$28.00
Hats,Adidas Unisex Fundamental Structured Snapback,Black/White,OSFA,5161238,8.88E+11,$30.00,Carry Over,JL3221,,$28.00
Hats,Adidas Unisex Fundamental Structured Snapback,Team Dark Grey/White,OSFA,5161239,8.88E+11,$30.00,Carry Over,JL3223,,$28.00
Hats,Adidas Unisex Fundamental Structured Snapback,White/Team Dark Grey,OSFA,5161240,8.88E+11,$30.00,Carry Over,JL3222,,$28.00
Hats,Adidas Unisex Fundamental Structured Snapback,Team Navy Blue 2/Black,OSFA,5161241,8.88E+11,$30.00,Carry Over,JL3224,,$28.00
Hats,Adidas Unisex Fundamental Alliance,Team Royal Blue/Black,OSFA,5161246,8.88E+11,$28.00,Carry Over,JL3232,,$26.00
Hats,Adidas Unisex Fundamental Alliance,Team Dark Green/Black,OSFA,5161247,8.88E+11,$28.00,Carry Over,JL3231,,$26.00
Hats,Adidas Unisex Fundamental Alliance,Team Power Red 2/Black,OSFA,5161248,8.88E+11,$28.00,Carry Over,JL3234,,$26.00
Hats,Adidas Unisex Fundamental Alliance,Team Navy Blue 2/White,OSFA,5161249,8.88E+11,$28.00,Carry Over,JL3235,,$26.00
Hats,Adidas Unisex Fundamental Alliance,Team Dark Grey/Black,OSFA,5161250,8.88E+11,$28.00,Carry Over,JL3233,,$26.00
Hats,Adidas Unisex Fundamental Alliance,White/Black,OSFA,5161251,8.88E+11,$28.00,Carry Over,JL3230,,$26.00
Hats,Adidas Unisex Fundamental Alliance,Black/White,OSFA,5161252,8.88E+11,$28.00,Carry Over,JL3229,,$26.00
Hats,Adidas Unisex Fundamental Dispatch Trucker,Black/White,OSFA,5161230,8.88E+11,$28.00,Carry Over,JL3244,,$28.00
Hats,Adidas Unisex Fundamental Dispatch Trucker,Team Dark Grey/Black/White,OSFA,5161231,8.88E+11,$28.00,Carry Over,JL3246,,$28.00
Hats,Adidas Unisex Fundamental Dispatch Trucker,White/Black,OSFA,5161232,8.88E+11,$28.00,Carry Over,JL3245,,$28.00
Hats,Adidas Unisex Fundamental Dispatch Trucker,Team Navy Blue 2/Black/White,OSFA,5161233,8.88E+11,$28.00,Carry Over,JL3247,,$28.00
Hats,Adidas Unisex Fundamental Washed Relaxed,Black/White,OSFA,5161253,8.88E+11,$28.00,Carry Over,JL3225,,$26.00
Hats,Adidas Unisex Fundamental Washed Relaxed,Team Dark Grey/Black,OSFA,5161254,8.88E+11,$28.00,Carry Over,JL3227,,$26.00
Hats,Adidas Unisex Fundamental Washed Relaxed,White/Team Dark Grey,OSFA,5161255,8.88E+11,$28.00,Carry Over,JL3226,,$26.00
Hats,Adidas Unisex Fundamental Washed Relaxed,Team Navy Blue 2/Black,OSFA,5161256,8.88E+11,$28.00,Carry Over,JL3228,,$26.00
Hats,Adidas Men's Superlite 3 Hat,Black/White,OSFA,5158631,8.88E+11,$28.00,Carry Over,IU9184,,$26.00
Hats,Adidas Men's Superlite 3 Hat,White/Black,OSFA,5158660,8.88E+11,$28.00,Carry Over,IU9185,,$26.00
Hats,Adidas Men's Superlite 4 Team Hat,Black/White,OSFA,5160078,8.88E+11,$28.00,Carry Over,JK5205,,$26.00
Hats,Adidas Men's Superlite 4 Team Hat,Grey Six/White,OSFA,5160086,8.88E+11,$28.00,Carry Over,JK5208,,$26.00
Hats,Adidas Men's Superlite 4 Team Hat,Dark Blue/White,OSFA,5160107,8.88E+11,$28.00,Carry Over,JK5206,,$26.00
Hats,Adidas Men's Superlite 4 Team Hat,White/Black,OSFA,5160129,8.88E+11,$28.00,Carry Over,JK5207,,$26.00
Hats,Adidas Men's Superlite 3 Team Visor,Black/White,OSFA,5161257,8.88E+11,$24.00,12/1/25,JL3714,,$22.00
Hats,Adidas Men's Superlite 3 Team Visor,White/Black,OSFA,5161258,8.88E+11,$24.00,12/1/25,JL3716,,$22.00
Hats,Adidas Men's Superlite 3 Team Visor,Grey Six/White,OSFA,5161259,8.88E+11,$24.00,12/1/25,JL3717,,$22.00
Hats,Adidas Men's Superlite 3 Team Visor,Dark Blue/White,OSFA,5161260,8.88E+11,$24.00,Carry Over,JL3715,,$22.00
Hats,Adidas Women's Superlite 3 Hat,Black/White,OSFA,5158625,8.88E+11,$28.00,Carry Over,IU9191,,$26.00
Hats,Adidas Women's Superlite 3 Hat,White/Silver Metallic,OSFA,5158692,8.88E+11,$28.00,Carry Over,IU9192,,$26.00
Socks,Adidas Men's Athletic Cushioned 6-Pack Crew,White/Black,L,101639,7.16E+11,$26.00,Carry Over,101639,,$22.00
Socks,Adidas Men's Athletic Cushioned 6-Pack Crew,Black/Aluminum 2,L,5125031,7.16E+11,$26.00,Carry Over,Q10386,,$22.00
Socks,Adidas Men's Athletic Cushioned 6-Pack Crew,White/Black,M,101639C,8.88E+11,$26.00,Carry Over,101639,,$22.00
Socks,Adidas Men's Athletic Cushioned 6-Pack Crew,Black/Aluminum 2,M,5125031C,8.88E+11,$26.00,Carry Over,Q10386,,$22.00
Socks,Adidas Men's Athletic Cushioned 6-Pack Crew,White/Black,XL,5140229B,7.16E+11,$26.00,Carry Over,B93219,,$22.00
Socks,Adidas Men's Athletic Cushioned 6-Pack Crew,Black/Aluminum 2,XL,5140230B,7.16E+11,$26.00,Carry Over,B93220,,$22.00
Socks,Adidas Men's Athletic Cushioned 6-Pack Low Cut,White/Black,L,101641,7.16E+11,$26.00,Carry Over,101641,,$22.00
Socks,Adidas Men's Athletic Cushioned 6-Pack Low Cut,Black/Aluminum 2,L,5125705,7.16E+11,$26.00,Carry Over,Q10490,,$22.00
Socks,Adidas Men's Athletic Cushioned 6-Pack Low Cut,White/Black,M,101641C,8.88E+11,$26.00,Carry Over,101641,,$22.00
Socks,Adidas Men's Athletic Cushioned 6-Pack Low Cut,Black/Aluminum 2,M,5125705C,8.88E+11,$26.00,Carry Over,Q10490,,$22.00
Socks,Adidas Men's Athletic Cushioned 6-Pack Low Cut,White/Black,XL,5140287B,7.16E+11,$26.00,Carry Over,B93221,,$22.00
Socks,Adidas Men's Athletic Cushioned 6-Pack Low Cut,Black/Aluminum 2,XL,5140288B,7.16E+11,$26.00,Carry Over,B93222,,$22.00
Socks,Adidas Men's Athletic Cushioned 6-Pack No Show,White/Black,L,101642,7.16E+11,$26.00,Carry Over,101642,,$22.00
Socks,Adidas Men's Athletic Cushioned 6-Pack No Show,Black/Aluminum 2,L,5124488,7.16E+11,$26.00,Carry Over,Q10332,,$22.00
Socks,Adidas Men's Athletic Cushioned 6-Pack No Show,White/Black,M,101642C,8.88E+11,$26.00,Carry Over,101642,,$22.00
Socks,Adidas Men's Athletic Cushioned 6-Pack No Show,Black/Aluminum 2,M,5124488C,8.88E+11,$26.00,Carry Over,Q10332,,$22.00
Socks,Adidas Men's Athletic Cushioned 6-Pack No Show,White/Black,XL,5140289B,7.16E+11,$26.00,Carry Over,B93224,,$22.00
Socks,Adidas Men's Athletic Cushioned 6-Pack No Show,Black/Aluminum 2,XL,5140290B,7.16E+11,$26.00,Carry Over,B93225,,$22.00
Socks,Adidas Men's Athletic Cushioned 6-Pack Quarter,White/Black,L,101640,7.16E+11,$26.00,Carry Over,101640,,$22.00
Socks,Adidas Men's Athletic Cushioned 6-Pack Quarter,Black/Aluminum 2,L,5125358,7.16E+11,$26.00,Carry Over,Q10435,,$22.00
Socks,Adidas Men's Athletic Cushioned 6-Pack Quarter,White/Black,M,101640C,8.88E+11,$26.00,Carry Over,101640,,$22.00
Socks,Adidas Men's Athletic Cushioned 6-Pack Quarter,Black/Aluminum 2,M,5125358C,8.88E+11,$26.00,Carry Over,Q10435,,$22.00
Socks,Adidas Men's Athletic Cushioned 6-Pack Quarter,Black/Aluminum 2,XL,5140273B,7.16E+11,$26.00,Carry Over,B93227,,$22.00
Socks,Adidas Men's Athletic Cushioned 6-Pack Quarter,White/Black,XL,5140291B,7.16E+11,$26.00,Carry Over,B93226,,$22.00
Socks,Adidas Men's Superlite 3.0 6-Pack Crew,White/Black,M,5161399B,8.88E+11,$22.00,12/1/25,JL3969,,
Socks,Adidas Men's Superlite 3.0 6-Pack Crew,White/Black,L,5161399C,8.88E+11,$22.00,12/1/25,JL3969,,
Socks,Adidas Men's Superlite 3.0 6-Pack Crew,Black/Night Grey,M,5161400B,8.88E+11,$22.00,12/1/25,JL3970,,
Socks,Adidas Men's Superlite 3.0 6-Pack Crew,Black/Night Grey,L,5161400C,8.88E+11,$22.00,12/1/25,JL3970,,
Socks,Adidas Men's Superlite 3.0 6-Pack Low Cut,White/Black,L,5157882A,8.88E+11,$22.00,Carry Over,IR1082,,$20.00
Socks,Adidas Men's Superlite 3.0 6-Pack Low Cut,White/Black,XL,5157882B,8.88E+11,$22.00,Carry Over,IR1082,,$20.00
Socks,Adidas Men's Superlite 3.0 6-Pack Low Cut,White/Black,M,5157882C,8.88E+11,$22.00,Carry Over,IR1082,,$20.00
Socks,Adidas Men's Superlite 3.0 6-Pack Low Cut,Black/Night Grey,L,5157896A,8.88E+11,$22.00,Carry Over,IR1083,,$20.00
Socks,Adidas Men's Superlite 3.0 6-Pack Low Cut,Black/Night Grey,XL,5157896B,8.88E+11,$22.00,Carry Over,IR1083,,$20.00
Socks,Adidas Men's Superlite 3.0 6-Pack Low Cut,Black/Night Grey,M,5157896C,8.88E+11,$22.00,Carry Over,IR1083,,$20.00
Socks,Adidas Men's Superlite 3.0 6-Pack No Show,White/Black,L,5157870A,8.88E+11,$22.00,Carry Over,IR0891,,$20.00
Socks,Adidas Men's Superlite 3.0 6-Pack No Show,White/Black,XL,5157870B,8.88E+11,$22.00,Carry Over,IR0891,,$20.00
Socks,Adidas Men's Superlite 3.0 6-Pack No Show,White/Black,M,5157870C,8.88E+11,$22.00,Carry Over,IR0891,,$20.00
Socks,Adidas Men's Superlite 3.0 6-Pack No Show,Black/Night Grey,L,5157894A,8.88E+11,$22.00,Carry Over,IR0893,,$20.00
Socks,Adidas Men's Superlite 3.0 6-Pack No Show,Black/Night Grey,XL,5157894B,8.88E+11,$22.00,Carry Over,IR0893,,$20.00
Socks,Adidas Men's Superlite 3.0 6-Pack No Show,Black/Night Grey,M,5157894C,8.88E+11,$22.00,Carry Over,IR0893,,$20.00
Socks,Adidas Men's Superlite 3.0 6-Pack Quarter,White/Black,L,5157834A,8.88E+11,$22.00,Carry Over,IR0906,,$20.00
Socks,Adidas Men's Superlite 3.0 6-Pack Quarter,White/Black,XL,5157834B,8.88E+11,$22.00,Carry Over,IR0906,,$20.00
Socks,Adidas Men's Superlite 3.0 6-Pack Quarter,White/Black,M,5157834C,8.88E+11,$22.00,Carry Over,IR0906,,$20.00
Socks,Adidas Men's Superlite 3.0 6-Pack Quarter,Black/Night Grey,L,5157850A,8.88E+11,$22.00,Carry Over,IR0907,,$20.00
Socks,Adidas Men's Superlite 3.0 6-Pack Quarter,Black/Night Grey,XL,5157850B,8.88E+11,$22.00,Carry Over,IR0907,,$20.00
Socks,Adidas Men's Superlite 3.0 6-Pack Quarter,Black/Night Grey,M,5157850C,8.88E+11,$22.00,Carry Over,IR0907,,$20.00
Socks,Adidas Men's Superlite 3.0 6-Pack Super No Show,White/Black,L,5157846A,8.88E+11,$22.00,Carry Over,IR0895,,$20.00
Socks,Adidas Men's Superlite 3.0 6-Pack Super No Show,White/Black,M,5157846C,8.88E+11,$22.00,Carry Over,IR0895,,$20.00
Socks,Adidas Men's Superlite 3.0 6-Pack Super No Show,Black/Night Grey,L,5157864A,8.88E+11,$22.00,Carry Over,IR0896,,$20.00
Socks,Adidas Men's Superlite 3.0 6-Pack Super No Show,Black/Night Grey,M,5157864C,8.88E+11,$22.00,Carry Over,IR0896,,$20.00
Socks,Adidas Men's Cushioned 3.0 3-Pack Crew,Black/Onix Grey/White,L,5155900A,8.88E+11,$16.00,Carry Over,GB4185,,$16.00
Socks,Adidas Men's Cushioned 3.0 3-Pack Crew,Black/Onix Grey/White,XL,5155900B,8.88E+11,$16.00,Carry Over,GB4185,,$16.00
Socks,Adidas Men's Cushioned 3.0 3-Pack Crew,White/Grey/Onix Grey,L,5155901A,8.88E+11,$16.00,Carry Over,GB4186,,$16.00
Socks,Adidas Men's Cushioned 3.0 3-Pack Crew,White/Grey/Onix Grey,XL,5155901B,8.88E+11,$16.00,Carry Over,GB4186,,$16.00
Socks,Adidas Women's Athletic Cushioned 6-Pack Crew,Black/Aluminum 2,M,5125703,7.16E+11,$26.00,Carry Over,Q10488,,$22.00
Socks,Adidas Women's Athletic Cushioned 6-Pack Low Cut,Black/Aluminum 2,M,5150380A,7.16E+11,$26.00,Carry Over,EW4431,,$22.00
Socks,Adidas Women's Athletic Cushioned 6-Pack No Show,Black/Aluminum 2,M,5124824,7.16E+11,$26.00,Carry Over,Q10369,,$22.00
Socks,Adidas Women's Athletic Cushioned 6-Pack Quarter,Black/Aluminum 2,M,5150438A,7.16E+11,$26.00,Carry Over,EW4478,,$22.00
Socks,Adidas Women's Superlite 3.0 6-Pack Crew,White/Black/Grey,M,5161781A,8.88E+11,$22.00,12/1/25,JL4412,,
Socks,Adidas Women's Superlite 3.0 6-Pack No Show,White/Black/Grey,M,5157902A,8.88E+11,$22.00,Carry Over,IR0888,,$20.00
Socks,Adidas Women's Superlite 3.0 6-Pack No Show,White/Black/Grey,L,5157902B,8.88E+11,$22.00,Carry Over,IR0888,,$20.00
Socks,Adidas Women's Superlite 3.0 6-Pack Quarter,White/Black/Grey,M,5157878A,8.88E+11,$22.00,Carry Over,IR0900,,$20.00
Socks,Adidas Women's Superlite 3.0 6-Pack Super No Show,White/Black/Grey,M,5157842A,8.88E+11,$22.00,Carry Over,IR0904,,$20.00
Socks,Adidas Women's Cushioned 3.0 3-Pack Crew,Black/Night Grey/White,M,5155919A,8.88E+11,$16.00,Carry Over,GB4198,,$16.00
Socks,Adidas Women's Cushioned 3.0 3-Pack Crew,Black/Night Grey/White,L,5155919B,8.88E+11,$16.00,Carry Over,GB4198,,$16.00
Socks,Adidas Women's Cushioned 3.0 3-Pack Crew,White/Clear Onix Grey,M,5155927A,8.88E+11,$16.00,Carry Over,GB4203,,$16.00
Socks,Adidas Women's Cushioned 3.0 3-Pack Crew,White/Clear Onix Grey,L,5155927B,8.88E+11,$16.00,Carry Over,GB4203,,$16.00
Socks-Team,Adidas Team 6-Pack 2.0 OTC,White/Black,M,5157319B,8.88E+11,$50.00,Carry Over,IQ5490,,$45.00
Socks-Team,Adidas Team 6-Pack 2.0 OTC,White/Black,L,5157319C,8.88E+11,$50.00,Carry Over,IQ5490,,$45.00
Socks-Team,Adidas Team 6-Pack 2.0 OTC,White/Black,XL,5157319D,8.88E+11,$50.00,Carry Over,IQ5490,,$45.00
Socks-Team,Adidas Team 6-Pack 2.0 OTC,Black/White,M,5157320B,8.88E+11,$50.00,Carry Over,IQ5489,,$45.00
Socks-Team,Adidas Team 6-Pack 2.0 OTC,Black/White,L,5157320C,8.88E+11,$50.00,Carry Over,IQ5489,,$45.00
Socks-Team,Adidas Team 6-Pack 2.0 OTC,Black/White,XL,5157320D,8.88E+11,$50.00,Carry Over,IQ5489,,$45.00
Socks-Team,Adidas Team 6-Pack 2.0 Crew,White/Black,M,5157317B,8.88E+11,$45.00,Carry Over,IQ5488,,$40.00
Socks-Team,Adidas Team 6-Pack 2.0 Crew,White/Black,L,5157317C,8.88E+11,$45.00,Carry Over,IQ5488,,$40.00
Socks-Team,Adidas Team 6-Pack 2.0 Crew,White/Black,XL,5157317D,8.88E+11,$45.00,Carry Over,IQ5488,,$40.00
Socks-Team,Adidas Team 6-Pack 2.0 Crew,Black/White,M,5157318B,8.88E+11,$45.00,Carry Over,IQ5487,,$40.00
Socks-Team,Adidas Team 6-Pack 2.0 Crew,Black/White,L,5157318C,8.88E+11,$45.00,Carry Over,IQ5487,,$40.00
Socks-Team,Adidas Team 6-Pack 2.0 Crew,Black/White,XL,5157318D,8.88E+11,$45.00,Carry Over,IQ5487,,$40.00
Socks-Team,Adidas Team 6-Pack 2.0 Quarter,White/Black,M,5157321B,8.88E+11,$45.00,Carry Over,IQ5486,,$40.00
Socks-Team,Adidas Team 6-Pack 2.0 Quarter,White/Black,L,5157321C,8.88E+11,$45.00,Carry Over,IQ5486,,$40.00
Socks-Team,Adidas Team 6-Pack 2.0 Quarter,White/Black,XL,5157321D,8.88E+11,$45.00,Carry Over,IQ5486,,$40.00
Socks-Team,Adidas Team 6-Pack 2.0 Quarter,Black/White,M,5157322B,8.88E+11,$45.00,Carry Over,IQ5485,,$40.00
Socks-Team,Adidas Team 6-Pack 2.0 Quarter,Black/White,L,5157322C,8.88E+11,$45.00,Carry Over,IQ5485,,$40.00
Socks-Team,Adidas Team 6-Pack 2.0 Quarter,Black/White,XL,5157322D,8.88E+11,$45.00,Carry Over,IQ5485,,$40.00
Socks-Team,Adidas adizero 2 Football Cushioned OTC,Black/White,M,5156842B,8.88E+11,$28.00,Carry Over,GC3206,,$28.00
Socks-Team,Adidas adizero 2 Football Cushioned OTC,Black/White,L,5156842C,8.88E+11,$28.00,Carry Over,GC3206,,$28.00
Socks-Team,Adidas adizero 2 Football Cushioned OTC,White/Black,M,5156843B,8.88E+11,$28.00,Carry Over,GC3207,,$28.00
Socks-Team,Adidas adizero 2 Football Cushioned OTC,White/Black,L,5156843C,8.88E+11,$28.00,Carry Over,GC3207,,$28.00
Socks-Team,Adidas 5 Star Team Grip Crew,White/Black,M,5161961C,8.88E+11,$25.00,12/1/25,KL0223,,$25.00
Socks-Team,Adidas 5 Star Team Grip Crew,White/Black,L,5161961D,8.88E+11,$25.00,12/1/25,KL0223,,$25.00
Socks-Team,Adidas 5 Star Team Grip Crew,Black/Onix Grey/White,M,5161962C,8.88E+11,$25.00,12/1/25,KL0222,,$25.00
Socks-Team,Adidas 5 Star Team Grip Crew,Black/Onix Grey/White,L,5161962D,8.88E+11,$25.00,12/1/25,KL0222,,$25.00
Socks-Team,Adidas 5 Star Team Grip Crew,Team Light Grey/Onix Grey/White,M,5161963C,8.88E+11,$25.00,12/1/25,KL0224,,$25.00
Socks-Team,Adidas 5 Star Team Grip Crew,Team Light Grey/Onix Grey/White,L,5161963D,8.88E+11,$25.00,12/1/25,KL0224,,$25.00
Socks-Team,Adidas Team Speed 5 Calf Sleeve,White/Black,S/M,5161201A,8.88E+11,$20.00,12/1/25,JL3122,,$20.00
Socks-Team,Adidas Team Speed 5 Calf Sleeve,White/Black,L/XL,5161201B,8.88E+11,$20.00,12/1/25,JL3122,,$20.00
Socks-Team,Adidas Team Speed 5 Calf Sleeve,Black/White,S/M,5161216A,8.88E+11,$20.00,12/1/25,JL3121,,$20.00
Socks-Team,Adidas Team Speed 5 Calf Sleeve,Black/White,L/XL,5161216B,8.88E+11,$20.00,12/1/25,JL3121,,$20.00
Socks-Team,Adidas Team Speed 5 Calf Sleeve,Team Light Grey/White,S/M,5161217A,8.88E+11,$20.00,12/1/25,JL3123,,$20.00
Socks-Team,Adidas Team Speed 5 Calf Sleeve,Team Light Grey/White,L/XL,5161217B,8.88E+11,$20.00,12/1/25,JL3123,,$20.00
Socks-Team,Adidas Team Speed 5 OTC,White/Black,S,5161202B,8.88E+11,$20.00,12/1/25,JL3126,,$20.00
Socks-Team,Adidas Team Speed 5 OTC,White/Black,M,5161202C,8.88E+11,$20.00,12/1/25,JL3126,,$20.00
Socks-Team,Adidas Team Speed 5 OTC,White/Black,L,5161202D,8.88E+11,$20.00,12/1/25,JL3126,,$20.00
Socks-Team,Adidas Team Speed 5 OTC,Black/White,S,5161204B,8.88E+11,$20.00,12/1/25,JL3124,,$20.00
Socks-Team,Adidas Team Speed 5 OTC,Black/White,M,5161204C,8.88E+11,$20.00,12/1/25,JL3124,,$20.00
Socks-Team,Adidas Team Speed 5 OTC,Black/White,L,5161204D,8.88E+11,$20.00,12/1/25,JL3124,,$20.00
Socks-Team,Adidas Team Speed 5 OTC,Team Power Red/White,S,5161206B,8.88E+11,$20.00,12/1/25,JL3132,,$20.00
Socks-Team,Adidas Team Speed 5 OTC,Team Power Red/White,M,5161206C,8.88E+11,$20.00,12/1/25,JL3132,,$20.00
Socks-Team,Adidas Team Speed 5 OTC,Team Power Red/White,L,5161206D,8.88E+11,$20.00,12/1/25,JL3132,,$20.00
Socks-Team,Adidas Team Speed 5 OTC,Team Navy Blue 2/White,S,5161207B,8.88E+11,$20.00,12/1/25,JL3134,,$20.00
Socks-Team,Adidas Team Speed 5 OTC,Team Navy Blue 2/White,M,5161207C,8.88E+11,$20.00,12/1/25,JL3134,,$20.00
Socks-Team,Adidas Team Speed 5 OTC,Team Navy Blue 2/White,L,5161207D,8.88E+11,$20.00,12/1/25,JL3134,,$20.00
Socks-Team,Adidas Team Speed 5 OTC,Team Royal Blue/White,S,5161208B,8.88E+11,$20.00,12/1/25,JL3131,,$20.00
Socks-Team,Adidas Team Speed 5 OTC,Team Royal Blue/White,M,5161208C,8.88E+11,$20.00,12/1/25,JL3131,,$20.00
Socks-Team,Adidas Team Speed 5 OTC,Team Royal Blue/White,L,5161208D,8.88E+11,$20.00,12/1/25,JL3131,,$20.00
Socks-Team,Adidas Team Speed 5 OTC,White/Team Navy Blue,S,5161209B,8.88E+11,$20.00,12/1/25,JL3128,,$20.00
Socks-Team,Adidas Team Speed 5 OTC,White/Team Navy Blue,M,5161209C,8.88E+11,$20.00,12/1/25,JL3128,,$20.00
Socks-Team,Adidas Team Speed 5 OTC,White/Team Navy Blue,L,5161209D,8.88E+11,$20.00,12/1/25,JL3128,,$20.00
Socks-Team,Adidas Team Speed 5 OTC,White/Team Royal Blue,S,5161210B,8.88E+11,$20.00,12/1/25,JL3129,,$20.00
Socks-Team,Adidas Team Speed 5 OTC,White/Team Royal Blue,M,5161210C,8.88E+11,$20.00,12/1/25,JL3129,,$20.00
Socks-Team,Adidas Team Speed 5 OTC,White/Team Royal Blue,L,5161210D,8.88E+11,$20.00,12/1/25,JL3129,,$20.00
Socks-Team,Adidas Team Speed 5 OTC,White/Team Power Red 2,S,5161211B,8.88E+11,$20.00,12/1/25,JL3130,,$20.00
Socks-Team,Adidas Team Speed 5 OTC,White/Team Power Red 2,M,5161211C,8.88E+11,$20.00,12/1/25,JL3130,,$20.00
Socks-Team,Adidas Team Speed 5 OTC,White/Team Power Red 2,L,5161211D,8.88E+11,$20.00,12/1/25,JL3130,,$20.00
Socks-Team,Adidas Team Speed 5 OTC,Team Light Grey/White,S,5161212B,8.88E+11,$20.00,12/1/25,JL3133,,$20.00
Socks-Team,Adidas Team Speed 5 OTC,Team Light Grey/White,M,5161212C,8.88E+11,$20.00,12/1/25,JL3133,,$20.00
Socks-Team,Adidas Team Speed 5 OTC,Team Light Grey/White,L,5161212D,8.88E+11,$20.00,12/1/25,JL3133,,$20.00
Socks-Team,Adidas Team Speed Pro 2 OTC,Team Power Red/White,S,5157944B,8.88E+11,$20.00,Carry Over,IR0912,,$18.00
Socks-Team,Adidas Team Speed Pro 2 OTC,Team Power Red/White,M,5157944C,8.88E+11,$20.00,Carry Over,IR0912,,$18.00
Socks-Team,Adidas Team Speed Pro 2 OTC,Team Power Red/White,L,5157944D,8.88E+11,$20.00,Carry Over,IR0912,,$18.00
Socks-Team,Adidas Team Speed Pro 2 OTC,Team Navy Blue/White,S,5157946B,8.88E+11,$20.00,Carry Over,IR0913,,$18.00
Socks-Team,Adidas Team Speed Pro 2 OTC,Team Navy Blue/White,M,5157946C,8.88E+11,$20.00,Carry Over,IR0913,,$18.00
Socks-Team,Adidas Team Speed Pro 2 OTC,Team Navy Blue/White,L,5157946D,8.88E+11,$20.00,Carry Over,IR0913,,$18.00
Socks-Team,Adidas Team Speed Pro 2 OTC,Team Collegiate Purple/White,M,5157950C,8.88E+11,$20.00,Carry Over,IR0914,,$18.00
Socks-Team,Adidas Team Speed Pro 2 OTC,Team Collegiate Purple/White,L,5157950D,8.88E+11,$20.00,Carry Over,IR0914,,$18.00
Socks-Team,Adidas Team Speed Pro 2 OTC,White/Black,S,5157954B,8.88E+11,$20.00,Carry Over,IR0915,,$18.00
Socks-Team,Adidas Team Speed Pro 2 OTC,White/Black,M,5157954C,8.88E+11,$20.00,Carry Over,IR0915,,$18.00
Socks-Team,Adidas Team Speed Pro 2 OTC,White/Black,L,5157954D,8.88E+11,$20.00,Carry Over,IR0915,,$18.00
Socks-Team,Adidas Team Speed Pro 2 OTC,Team Dark Green/White,M,5157955C,8.88E+11,$20.00,Carry Over,IR0916,,$18.00
Socks-Team,Adidas Team Speed Pro 2 OTC,Team Dark Green/White,L,5157955D,8.88E+11,$20.00,Carry Over,IR0916,,$18.00
Socks-Team,Adidas Team Speed Pro 2 OTC,White/Team Royal Blue,M,5157959C,8.88E+11,$20.00,Carry Over,IR0917,,$18.00
Socks-Team,Adidas Team Speed Pro 2 OTC,White/Team Royal Blue,L,5157959D,8.88E+11,$20.00,Carry Over,IR0917,,$18.00
Socks-Team,Adidas Team Speed Pro 2 OTC,Team Royal Blue/White,S,5157963B,8.88E+11,$20.00,Carry Over,IR0918,,$18.00
Socks-Team,Adidas Team Speed Pro 2 OTC,Team Royal Blue/White,M,5157963C,8.88E+11,$20.00,Carry Over,IR0918,,$18.00
Socks-Team,Adidas Team Speed Pro 2 OTC,Team Royal Blue/White,L,5157963D,8.88E+11,$20.00,Carry Over,IR0918,,$18.00
Socks-Team,Adidas Team Speed Pro 2 OTC,Black/White,S,5157964B,8.88E+11,$20.00,Carry Over,IR0919,,$18.00
Socks-Team,Adidas Team Speed Pro 2 OTC,Black/White,M,5157964C,8.88E+11,$20.00,Carry Over,IR0919,,$18.00
Socks-Team,Adidas Team Speed Pro 2 OTC,Black/White,L,5157964D,8.88E+11,$20.00,Carry Over,IR0919,,$18.00
Socks-Team,Adidas Team Speed Pro 2 OTC,White/Team Navy Blue,M,5157965C,8.88E+11,$20.00,Carry Over,IR0920,,$18.00
Socks-Team,Adidas Team Speed Pro 2 OTC,White/Team Navy Blue,L,5157965D,8.88E+11,$20.00,Carry Over,IR0920,,$18.00
Socks-Team,Adidas Team Speed Pro 2 OTC,White/Team Power Red,M,5157969C,8.88E+11,$20.00,Carry Over,IR0921,,$18.00
Socks-Team,Adidas Team Speed Pro 2 OTC,White/Team Power Red,L,5157969D,8.88E+11,$20.00,Carry Over,IR0921,,$18.00
Socks-Team,Adidas Team Speed Pro 2 OTC,White/Team Collegiate Purple,S,5158484B,8.88E+11,$20.00,Carry Over,IU8897,,$18.00
Socks-Team,Adidas Team Speed Pro 2 OTC,White/Team Collegiate Purple,M,5158484C,8.88E+11,$20.00,Carry Over,IU8897,,$18.00
Socks-Team,Adidas Team Speed Pro 2 OTC,White/Team Collegiate Purple,L,5158484D,8.88E+11,$20.00,Carry Over,IU8897,,$18.00
Socks-Team,Adidas Team Speed Pro 2 OTC,Team Collegiate Purple/Sand Beige/White,S,5158485B,8.88E+11,$20.00,Carry Over,IU8898,,$18.00
Socks-Team,Adidas Team Speed Pro 2 OTC,Team Collegiate Purple/Sand Beige/White,M,5158485C,8.88E+11,$20.00,Carry Over,IU8898,,$18.00
Socks-Team,Adidas Team Speed Pro 2 OTC,Team Collegiate Purple/Sand Beige/White,L,5158485D,8.88E+11,$20.00,Carry Over,IU8898,,$18.00
Socks-Team,Adidas Team Speed Pro 2 OTC,Team Collegiate Purple/Sand Beige/White,XL,5158485E,8.88E+11,$20.00,Carry Over,IU8898,,$18.00
Socks-Team,Adidas Team Speed Pro 2 OTC,Team Victory Red/White,S,5161199B,8.88E+11,$20.00,Carry Over,JL3043,,$18.00
Socks-Team,Adidas Team Speed Pro 2 OTC,Team Victory Red/White,M,5161199C,8.88E+11,$20.00,Carry Over,JL3043,,$18.00
Socks-Team,Adidas Team Speed Pro 2 OTC,Team Victory Red/White,L,5161199D,8.88E+11,$20.00,Carry Over,JL3043,,$18.00
Socks-Team,Adidas Team Speed Pro 2 OTC,Team Victory Red/White,XL,5161199E,8.88E+11,$20.00,Carry Over,JL3043,,$18.00
Socks-Team,Adidas Team Speed Pro 2 OTC,White/Team Victory Red,S,5161200B,8.88E+11,$20.00,Carry Over,JL3120,,$18.00
Socks-Team,Adidas Team Speed Pro 2 OTC,White/Team Victory Red,M,5161200C,8.88E+11,$20.00,Carry Over,JL3120,,$18.00
Socks-Team,Adidas Team Speed Pro 2 OTC,White/Team Victory Red,L,5161200D,8.88E+11,$20.00,Carry Over,JL3120,,$18.00
Socks-Team,Adidas Team Speed Pro 2 OTC,White/Team Victory Red,XL,5161200E,8.88E+11,$20.00,Carry Over,JL3120,,$18.00
Socks-Team,Adidas 3 Stripe Hoop 2 OTC,Team Power Red 2/White,S,5159078B,8.88E+11,$18.00,Carry Over,JJ7729,,$16.00
Socks-Team,Adidas 3 Stripe Hoop 2 OTC,Team Power Red 2/White,M,5159078C,8.88E+11,$18.00,Carry Over,JJ7729,,$16.00
Socks-Team,Adidas 3 Stripe Hoop 2 OTC,Team Power Red 2/White,L,5159078D,8.88E+11,$18.00,Carry Over,JJ7729,,$16.00
Socks-Team,Adidas 3 Stripe Hoop 2 OTC,Team Navy Blue 2/White,S,5159079B,8.88E+11,$18.00,Carry Over,JJ7777,,$16.00
Socks-Team,Adidas 3 Stripe Hoop 2 OTC,Team Navy Blue 2/White,M,5159079C,8.88E+11,$18.00,Carry Over,JJ7777,,$16.00
Socks-Team,Adidas 3 Stripe Hoop 2 OTC,Team Navy Blue 2/White,L,5159079D,8.88E+11,$18.00,Carry Over,JJ7777,,$16.00
Socks-Team,Adidas 3 Stripe Hoop 2 OTC,Team Light Grey/White,S,5159080B,8.88E+11,$18.00,Carry Over,JJ7614,,$16.00
Socks-Team,Adidas 3 Stripe Hoop 2 OTC,Team Light Grey/White,M,5159080C,8.88E+11,$18.00,Carry Over,JJ7614,,$16.00
Socks-Team,Adidas 3 Stripe Hoop 2 OTC,Team Light Grey/White,L,5159080D,8.88E+11,$18.00,Carry Over,JJ7614,,$16.00
Socks-Team,Adidas 3 Stripe Hoop 2 OTC,Team Royal Blue/White,S,5159081B,8.88E+11,$18.00,Carry Over,JJ7597,,$16.00
Socks-Team,Adidas 3 Stripe Hoop 2 OTC,Team Royal Blue/White,M,5159081C,8.88E+11,$18.00,Carry Over,JJ7597,,$16.00
Socks-Team,Adidas 3 Stripe Hoop 2 OTC,Team Royal Blue/White,L,5159081D,8.88E+11,$18.00,Carry Over,JJ7597,,$16.00
Socks-Team,Adidas 3 Stripe Hoop 2 OTC,White/Black,S,5159082B,8.88E+11,$18.00,Carry Over,JJ7523,,$16.00
Socks-Team,Adidas 3 Stripe Hoop 2 OTC,White/Black,M,5159082C,8.88E+11,$18.00,Carry Over,JJ7523,,$16.00
Socks-Team,Adidas 3 Stripe Hoop 2 OTC,White/Black,L,5159082D,8.88E+11,$18.00,Carry Over,JJ7523,,$16.00
Socks-Team,Adidas 3 Stripe Hoop 2 OTC,Black/White,S,5159083B,8.88E+11,$18.00,Carry Over,JJ7433,,$16.00
Socks-Team,Adidas 3 Stripe Hoop 2 OTC,Black/White,M,5159083C,8.88E+11,$18.00,Carry Over,JJ7433,,$16.00
Socks-Team,Adidas 3 Stripe Hoop 2 OTC,Black/White,L,5159083D,8.88E+11,$18.00,Carry Over,JJ7433,,$16.00
Socks-Team,Adidas 5-Star Team 2.0 Crew,White/Black,M,5156897B,8.88E+11,$18.00,Carry Over,GC3189,,$18.00
Socks-Team,Adidas 5-Star Team 2.0 Crew,White/Black,L,5156897C,8.88E+11,$18.00,Carry Over,GC3189,,$18.00
Socks-Team,Adidas 5-Star Team 2.0 Crew,White/Black,XL,5156897D,8.88E+11,$18.00,Carry Over,GC3189,,$18.00
Socks-Team,Adidas 5-Star Team 2.0 Crew,Team Power Red/White,M,5156898B,8.88E+11,$18.00,Carry Over,GC3190,,$18.00
Socks-Team,Adidas 5-Star Team 2.0 Crew,Team Power Red/White,L,5156898C,8.88E+11,$18.00,Carry Over,GC3190,,$18.00
Socks-Team,Adidas 5-Star Team 2.0 Crew,Team Power Red/White,XL,5156898D,8.88E+11,$18.00,Carry Over,GC3190,,$18.00
Socks-Team,Adidas 5-Star Team 2.0 Crew,Team Dark Green/White,M,5156899B,8.88E+11,$18.00,Carry Over,GC3191,,$18.00
Socks-Team,Adidas 5-Star Team 2.0 Crew,Team Dark Green/White,L,5156899C,8.88E+11,$18.00,Carry Over,GC3191,,$18.00
Socks-Team,Adidas 5-Star Team 2.0 Crew,Team Dark Green/White,XL,5156899D,8.88E+11,$18.00,Carry Over,GC3191,,$18.00
Socks-Team,Adidas 5-Star Team 2.0 Crew,Team Collegiate Gold/White,M,5156900B,8.88E+11,$18.00,Carry Over,GC3192,,$18.00
Socks-Team,Adidas 5-Star Team 2.0 Crew,Team Collegiate Gold/White,L,5156900C,8.88E+11,$18.00,Carry Over,GC3192,,$18.00
Socks-Team,Adidas 5-Star Team 2.0 Crew,Team Collegiate Gold/White,XL,5156900D,8.88E+11,$18.00,Carry Over,GC3192,,$18.00
Socks-Team,Adidas 5-Star Team 2.0 Crew,Team Maroon/White,M,5156902B,8.88E+11,$18.00,Carry Over,GC3193,,$18.00
Socks-Team,Adidas 5-Star Team 2.0 Crew,Team Maroon/White,L,5156902C,8.88E+11,$18.00,Carry Over,GC3193,,$18.00
Socks-Team,Adidas 5-Star Team 2.0 Crew,Team Maroon/White,XL,5156902D,8.88E+11,$18.00,Carry Over,GC3193,,$18.00
Socks-Team,Adidas 5-Star Team 2.0 Crew,Team Collegiate Purple/White,M,5156903B,8.88E+11,$18.00,Carry Over,GC3194,,$18.00
Socks-Team,Adidas 5-Star Team 2.0 Crew,Team Collegiate Purple/White,L,5156903C,8.88E+11,$18.00,Carry Over,GC3194,,$18.00
Socks-Team,Adidas 5-Star Team 2.0 Crew,Team Collegiate Purple/White,XL,5156903D,8.88E+11,$18.00,Carry Over,GC3194,,$18.00
Socks-Team,Adidas 5-Star Team 2.0 Crew,Black/White,M,5156904B,8.88E+11,$18.00,Carry Over,GC3195,,$18.00
Socks-Team,Adidas 5-Star Team 2.0 Crew,Black/White,L,5156904C,8.88E+11,$18.00,Carry Over,GC3195,,$18.00
Socks-Team,Adidas 5-Star Team 2.0 Crew,Black/White,XL,5156904D,8.88E+11,$18.00,Carry Over,GC3195,,$18.00
Socks-Team,Adidas 5-Star Team 2.0 Crew,Team Royal Blue/White,M,5156905B,8.88E+11,$18.00,Carry Over,GC3196,,$18.00
Socks-Team,Adidas 5-Star Team 2.0 Crew,Team Royal Blue/White,L,5156905C,8.88E+11,$18.00,Carry Over,GC3196,,$18.00
Socks-Team,Adidas 5-Star Team 2.0 Crew,Team Royal Blue/White,XL,5156905D,8.88E+11,$18.00,Carry Over,GC3196,,$18.00
Socks-Team,Adidas 5-Star Team 2.0 Crew,Team Collegiate Burgundy/White,M,5156907B,8.88E+11,$18.00,Carry Over,GC3197,,$18.00
Socks-Team,Adidas 5-Star Team 2.0 Crew,Team Collegiate Burgundy/White,L,5156907C,8.88E+11,$18.00,Carry Over,GC3197,,$18.00
Socks-Team,Adidas 5-Star Team 2.0 Crew,Team Collegiate Burgundy/White,XL,5156907D,8.88E+11,$18.00,Carry Over,GC3197,,$18.00
Socks-Team,Adidas 5-Star Team 2.0 Crew,Team Navy Blue/White,M,5156908B,8.88E+11,$18.00,Carry Over,GC3198,,$18.00
Socks-Team,Adidas 5-Star Team 2.0 Crew,Team Navy Blue/White,L,5156908C,8.88E+11,$18.00,Carry Over,GC3198,,$18.00
Socks-Team,Adidas 5-Star Team 2.0 Crew,Team Navy Blue/White,XL,5156908D,8.88E+11,$18.00,Carry Over,GC3198,,$18.00
Socks-Team,Adidas 5-Star Team 2.0 High Quarter,White/Black,M,5156901B,8.88E+11,$18.00,Carry Over,GC3199,,$18.00
Socks-Team,Adidas 5-Star Team 2.0 High Quarter,White/Black,L,5156901C,8.88E+11,$18.00,Carry Over,GC3199,,$18.00
Socks-Team,Adidas 5-Star Team 2.0 High Quarter,White/Black,XL,5156901D,8.88E+11,$18.00,Carry Over,GC3199,,$18.00
Socks-Team,Adidas 5-Star Team 2.0 High Quarter,Black/White,M,5156906B,8.88E+11,$18.00,Carry Over,GC3200,,$18.00
Socks-Team,Adidas 5-Star Team 2.0 High Quarter,Black/White,L,5156906C,8.88E+11,$18.00,Carry Over,GC3200,,$18.00
Socks-Team,Adidas 5-Star Team 2.0 High Quarter,Black/White,XL,5156906D,8.88E+11,$18.00,Carry Over,GC3200,,$18.00
Socks-Team,Adidas Pure Training 2-Pack High Quarter,White/Black,M,5159075C,8.88E+11,$18.00,Carry Over,JJ7303,,$16.00
Socks-Team,Adidas Pure Training 2-Pack High Quarter,White/Black,L,5159075D,8.88E+11,$18.00,Carry Over,JJ7303,,$16.00
Socks-Team,Adidas Pure Training 2-Pack High Quarter,Black/White/Onix Grey,M,5159076C,8.88E+11,$18.00,Carry Over,JJ7304,,$16.00
Socks-Team,Adidas Pure Training 2-Pack High Quarter,Black/White/Onix Grey,L,5159076D,8.88E+11,$18.00,Carry Over,JJ7304,,$16.00
Socks-Team,Adidas Pure Training 2-Pack High Quarter,Team Light Grey/White,M,5159077C,8.88E+11,$18.00,Carry Over,JJ7305,,$16.00
Socks-Team,Adidas Pure Training 2-Pack High Quarter,Team Light Grey/White,L,5159077D,8.88E+11,$18.00,Carry Over,JJ7305,,$16.00
Socks-Team,Adidas Select Basketball Slouch Crew,White/Black/Clear Onix Grey,M,5158876B,8.88E+11,$18.00,Carry Over,IV2144,,$18.00
Socks-Team,Adidas Select Basketball Slouch Crew,White/Black/Clear Onix Grey,L,5158876C,8.88E+11,$18.00,Carry Over,IV2144,,$18.00
Socks-Team,Adidas Select Basketball Slouch Crew,White/Black/Clear Onix Grey,XL,5158876D,8.88E+11,$18.00,Carry Over,IV2144,,$18.00
Socks-Team,Adidas Select Basketball Slouch Crew,Black/White/Onix Grey,M,5158877B,8.88E+11,$18.00,Carry Over,IV2143,,$18.00
Socks-Team,Adidas Select Basketball Slouch Crew,Black/White/Onix Grey,L,5158877C,8.88E+11,$18.00,Carry Over,IV2143,,$18.00
Socks-Team,Adidas Select Basketball Slouch Crew,Black/White/Onix Grey,XL,5158877D,8.88E+11,$18.00,Carry Over,IV2143,,$18.00
Socks-Team,Adidas adizero 2 Football Cushioned Crew,Team Mid Grey/White,M,5156844B,8.88E+11,$16.00,Carry Over,GC3201,,$16.00
Socks-Team,Adidas adizero 2 Football Cushioned Crew,Team Mid Grey/White,L,5156844C,8.88E+11,$16.00,Carry Over,GC3201,,$16.00
Socks-Team,Adidas adizero 2 Football Cushioned Crew,Team Mid Grey/White,XL,5156844D,8.88E+11,$16.00,Carry Over,GC3201,,$16.00
Socks-Team,Adidas adizero 2 Football Cushioned Crew,Team Royal Blue/White,M,5156845B,8.88E+11,$16.00,Carry Over,GC3202,,$16.00
Socks-Team,Adidas adizero 2 Football Cushioned Crew,Team Royal Blue/White,L,5156845C,8.88E+11,$16.00,Carry Over,GC3202,,$16.00
Socks-Team,Adidas adizero 2 Football Cushioned Crew,Team Royal Blue/White,XL,5156845D,8.88E+11,$16.00,Carry Over,GC3202,,$16.00
Socks-Team,Adidas adizero 2 Football Cushioned Crew,White/Black,M,5156846B,8.88E+11,$16.00,Carry Over,GC3203,,$16.00
Socks-Team,Adidas adizero 2 Football Cushioned Crew,White/Black,L,5156846C,8.88E+11,$16.00,Carry Over,GC3203,,$16.00
Socks-Team,Adidas adizero 2 Football Cushioned Crew,White/Black,XL,5156846D,8.88E+11,$16.00,Carry Over,GC3203,,$16.00
Socks-Team,Adidas adizero 2 Football Cushioned Crew,Black/White,M,5156847B,8.88E+11,$16.00,Carry Over,GC3204,,$16.00
Socks-Team,Adidas adizero 2 Football Cushioned Crew,Black/White,L,5156847C,8.88E+11,$16.00,Carry Over,GC3204,,$16.00
Socks-Team,Adidas adizero 2 Football Cushioned Crew,Black/White,XL,5156847D,8.88E+11,$16.00,Carry Over,GC3204,,$16.00
Socks-Team,Adidas adizero 2 Football Cushioned Crew,Team Power Red/White,M,5156848B,8.88E+11,$16.00,Carry Over,GC3205,,$16.00
Socks-Team,Adidas adizero 2 Football Cushioned Crew,Team Power Red/White,L,5156848C,8.88E+11,$16.00,Carry Over,GC3205,,$16.00
Socks-Team,Adidas adizero 2 Football Cushioned Crew,Team Power Red/White,XL,5156848D,8.88E+11,$16.00,Carry Over,GC3205,,$16.00
Socks-Team,Adidas adizero 2 Football Cushioned Crew,White/Collegiate Orange/Black,M,5157328B,8.88E+11,$16.00,Carry Over,GC6114,,$16.00
Socks-Team,Adidas adizero 2 Football Cushioned Crew,White/Collegiate Orange/Black,L,5157328C,8.88E+11,$16.00,Carry Over,GC6114,,$16.00
Socks-Team,Adidas adizero 2 Football Cushioned Crew,White/Collegiate Orange/Black,XL,5157328D,8.88E+11,$16.00,Carry Over,GC6114,,$16.00
Socks-Team,Adidas adizero 2 Football Cushioned Crew,White/Team Navy Blue/Black,M,5157329B,8.88E+11,$16.00,Carry Over,GC6115,,$16.00
Socks-Team,Adidas adizero 2 Football Cushioned Crew,White/Team Navy Blue/Black,L,5157329C,8.88E+11,$16.00,Carry Over,GC6115,,$16.00
Socks-Team,Adidas adizero 2 Football Cushioned Crew,White/Team Navy Blue/Black,XL,5157329D,8.88E+11,$16.00,Carry Over,GC6115,,$16.00
Socks-Team,Adidas adizero 2 Football Cushioned Crew,Collegiate Purple/White,M,5157330B,8.88E+11,$16.00,Carry Over,GC6113,,$16.00
Socks-Team,Adidas adizero 2 Football Cushioned Crew,Collegiate Purple/White,L,5157330C,8.88E+11,$16.00,Carry Over,GC6113,,$16.00
Socks-Team,Adidas adizero 2 Football Cushioned Crew,Collegiate Purple/White,XL,5157330D,8.88E+11,$16.00,Carry Over,GC6113,,$16.00
Socks-Team,Adidas adizero 2 Football Cushioned Crew,White/Collegiate Purple,M,5157331B,8.88E+11,$16.00,Carry Over,GC6112,,$16.00
Socks-Team,Adidas adizero 2 Football Cushioned Crew,White/Collegiate Purple,L,5157331C,8.88E+11,$16.00,Carry Over,GC6112,,$16.00
Socks-Team,Adidas adizero 2 Football Cushioned Crew,White/Collegiate Purple,XL,5157331D,8.88E+11,$16.00,Carry Over,GC6112,,$16.00
Socks-Team,Adidas adizero 2 Football Cushioned Crew,White/Team Power Red/Black,M,5157332B,8.88E+11,$16.00,Carry Over,GC6111,,$16.00
Socks-Team,Adidas adizero 2 Football Cushioned Crew,White/Team Power Red/Black,L,5157332C,8.88E+11,$16.00,Carry Over,GC6111,,$16.00
Socks-Team,Adidas adizero 2 Football Cushioned Crew,White/Team Power Red/Black,XL,5157332D,8.88E+11,$16.00,Carry Over,GC6111,,$16.00
Socks-Team,Adidas Copa Zone Cushion 5 OTC,White/Team Royal Blue,S,5157942B,8.88E+11,$16.00,Carry Over,IR0958,,$15.00
Socks-Team,Adidas Copa Zone Cushion 5 OTC,White/Team Royal Blue,M,5157942C,8.88E+11,$16.00,Carry Over,IR0958,,$15.00
Socks-Team,Adidas Copa Zone Cushion 5 OTC,White/Team Royal Blue,L,5157942D,8.88E+11,$16.00,Carry Over,IR0958,,$15.00
Socks-Team,Adidas Copa Zone Cushion 5 OTC,Team Yellow/White,S,5157943B,8.88E+11,$16.00,Carry Over,IR0959,,$15.00
Socks-Team,Adidas Copa Zone Cushion 5 OTC,Team Yellow/White,M,5157943C,8.88E+11,$16.00,Carry Over,IR0959,,$15.00
Socks-Team,Adidas Copa Zone Cushion 5 OTC,Team Yellow/White,L,5157943D,8.88E+11,$16.00,Carry Over,IR0959,,$15.00
Socks-Team,Adidas Copa Zone Cushion 5 OTC,White/White,S,5157945B,8.88E+11,$16.00,Carry Over,IR0960,,$15.00
Socks-Team,Adidas Copa Zone Cushion 5 OTC,White/White,M,5157945C,8.88E+11,$16.00,Carry Over,IR0960,,$15.00
Socks-Team,Adidas Copa Zone Cushion 5 OTC,White/White,L,5157945D,8.88E+11,$16.00,Carry Over,IR0960,,$15.00
Socks-Team,Adidas Copa Zone Cushion 5 OTC,Team Dark Green/White,S,5157947B,8.88E+11,$16.00,Carry Over,IR0961,,$15.00
Socks-Team,Adidas Copa Zone Cushion 5 OTC,Team Dark Green/White,M,5157947C,8.88E+11,$16.00,Carry Over,IR0961,,$15.00
Socks-Team,Adidas Copa Zone Cushion 5 OTC,Team Dark Green/White,L,5157947D,8.88E+11,$16.00,Carry Over,IR0961,,$15.00
Socks-Team,Adidas Copa Zone Cushion 5 OTC,Team Navy Blue/White,XS,5157948A,8.88E+11,$16.00,Carry Over,IR1084,,$15.00
Socks-Team,Adidas Copa Zone Cushion 5 OTC,Team Navy Blue/White,S,5157948B,8.88E+11,$16.00,Carry Over,IR1084,,$15.00
Socks-Team,Adidas Copa Zone Cushion 5 OTC,Team Navy Blue/White,M,5157948C,8.88E+11,$16.00,Carry Over,IR1084,,$15.00
Socks-Team,Adidas Copa Zone Cushion 5 OTC,Team Navy Blue/White,L,5157948D,8.88E+11,$16.00,Carry Over,IR1084,,$15.00
Socks-Team,Adidas Copa Zone Cushion 5 OTC,Team Collegiate Purple/White,S,5157949B,8.88E+11,$16.00,Carry Over,IR0962,,$15.00
Socks-Team,Adidas Copa Zone Cushion 5 OTC,Team Collegiate Purple/White,M,5157949C,8.88E+11,$16.00,Carry Over,IR0962,,$15.00
Socks-Team,Adidas Copa Zone Cushion 5 OTC,Team Collegiate Purple/White,L,5157949D,8.88E+11,$16.00,Carry Over,IR0962,,$15.00
Socks-Team,Adidas Copa Zone Cushion 5 OTC,Team Light Grey/White,XS,5157951A,8.88E+11,$16.00,Carry Over,IR1085,,$15.00
Socks-Team,Adidas Copa Zone Cushion 5 OTC,Team Light Grey/White,S,5157951B,8.88E+11,$16.00,Carry Over,IR1085,,$15.00
Socks-Team,Adidas Copa Zone Cushion 5 OTC,Team Light Grey/White,M,5157951C,8.88E+11,$16.00,Carry Over,IR1085,,$15.00
Socks-Team,Adidas Copa Zone Cushion 5 OTC,Team Light Grey/White,L,5157951D,8.88E+11,$16.00,Carry Over,IR1085,,$15.00
Socks-Team,Adidas Copa Zone Cushion 5 OTC,White/Team Power Red,S,5157952B,8.88E+11,$16.00,Carry Over,IR0963,,$15.00
Socks-Team,Adidas Copa Zone Cushion 5 OTC,White/Team Power Red,M,5157952C,8.88E+11,$16.00,Carry Over,IR0963,,$15.00
Socks-Team,Adidas Copa Zone Cushion 5 OTC,White/Team Power Red,L,5157952D,8.88E+11,$16.00,Carry Over,IR0963,,$15.00
Socks-Team,Adidas Copa Zone Cushion 5 OTC,Team Maroon/White,S,5157953B,8.88E+11,$16.00,Carry Over,IR0964,,$15.00
Socks-Team,Adidas Copa Zone Cushion 5 OTC,Team Maroon/White,M,5157953C,8.88E+11,$16.00,Carry Over,IR0964,,$15.00
Socks-Team,Adidas Copa Zone Cushion 5 OTC,Team Maroon/White,L,5157953D,8.88E+11,$16.00,Carry Over,IR0964,,$15.00
Socks-Team,Adidas Copa Zone Cushion 5 OTC,Team Orange/White,S,5157956B,8.88E+11,$16.00,Carry Over,IR0965,,$15.00
Socks-Team,Adidas Copa Zone Cushion 5 OTC,Team Orange/White,M,5157956C,8.88E+11,$16.00,Carry Over,IR0965,,$15.00
Socks-Team,Adidas Copa Zone Cushion 5 OTC,Team Orange/White,L,5157956D,8.88E+11,$16.00,Carry Over,IR0965,,$15.00
Socks-Team,Adidas Copa Zone Cushion 5 OTC,White/Black,XS,5157957A,8.88E+11,$16.00,Carry Over,IR1086,,$15.00
Socks-Team,Adidas Copa Zone Cushion 5 OTC,White/Black,S,5157957B,8.88E+11,$16.00,Carry Over,IR1086,,$15.00
Socks-Team,Adidas Copa Zone Cushion 5 OTC,White/Black,M,5157957C,8.88E+11,$16.00,Carry Over,IR1086,,$15.00
Socks-Team,Adidas Copa Zone Cushion 5 OTC,White/Black,L,5157957D,8.88E+11,$16.00,Carry Over,IR1086,,$15.00
Socks-Team,Adidas Copa Zone Cushion 5 OTC,Team Green/White,S,5157958B,8.88E+11,$16.00,Carry Over,IR0966,,$15.00
Socks-Team,Adidas Copa Zone Cushion 5 OTC,Team Green/White,M,5157958C,8.88E+11,$16.00,Carry Over,IR0966,,$15.00
Socks-Team,Adidas Copa Zone Cushion 5 OTC,Team Green/White,L,5157958D,8.88E+11,$16.00,Carry Over,IR0966,,$15.00
Socks-Team,Adidas Copa Zone Cushion 5 OTC,Team Light Blue/White,S,5157960B,8.88E+11,$16.00,Carry Over,IR0967,,$15.00
Socks-Team,Adidas Copa Zone Cushion 5 OTC,Team Light Blue/White,M,5157960C,8.88E+11,$16.00,Carry Over,IR0967,,$15.00
Socks-Team,Adidas Copa Zone Cushion 5 OTC,Team Light Blue/White,L,5157960D,8.88E+11,$16.00,Carry Over,IR0967,,$15.00
Socks-Team,Adidas Copa Zone Cushion 5 OTC,Team Power Red/White,XS,5157961A,8.88E+11,$16.00,Carry Over,IR1087,,$15.00
Socks-Team,Adidas Copa Zone Cushion 5 OTC,Team Power Red/White,S,5157961B,8.88E+11,$16.00,Carry Over,IR1087,,$15.00
Socks-Team,Adidas Copa Zone Cushion 5 OTC,Team Power Red/White,M,5157961C,8.88E+11,$16.00,Carry Over,IR1087,,$15.00
Socks-Team,Adidas Copa Zone Cushion 5 OTC,Team Power Red/White,L,5157961D,8.88E+11,$16.00,Carry Over,IR1087,,$15.00
Socks-Team,Adidas Copa Zone Cushion 5 OTC,Ultra Pop/Black,S,5157962B,8.88E+11,$16.00,Carry Over,IR0968,,$15.00
Socks-Team,Adidas Copa Zone Cushion 5 OTC,Ultra Pop/Black,M,5157962C,8.88E+11,$16.00,Carry Over,IR0968,,$15.00
Socks-Team,Adidas Copa Zone Cushion 5 OTC,Ultra Pop/Black,L,5157962D,8.88E+11,$16.00,Carry Over,IR0968,,$15.00
Socks-Team,Adidas Copa Zone Cushion 5 OTC,White/Team Navy Blue,S,5157966B,8.88E+11,$16.00,Carry Over,IR0969,,$15.00
Socks-Team,Adidas Copa Zone Cushion 5 OTC,White/Team Navy Blue,M,5157966C,8.88E+11,$16.00,Carry Over,IR0969,,$15.00
Socks-Team,Adidas Copa Zone Cushion 5 OTC,White/Team Navy Blue,L,5157966D,8.88E+11,$16.00,Carry Over,IR0969,,$15.00
Socks-Team,Adidas Copa Zone Cushion 5 OTC,Black/White,XS,5157967A,8.88E+11,$16.00,Carry Over,IR1088,,$15.00
Socks-Team,Adidas Copa Zone Cushion 5 OTC,Black/White,S,5157967B,8.88E+11,$16.00,Carry Over,IR1088,,$15.00
Socks-Team,Adidas Copa Zone Cushion 5 OTC,Black/White,M,5157967C,8.88E+11,$16.00,Carry Over,IR1088,,$15.00
Socks-Team,Adidas Copa Zone Cushion 5 OTC,Black/White,L,5157967D,8.88E+11,$16.00,Carry Over,IR1088,,$15.00
Socks-Team,Adidas Copa Zone Cushion 5 OTC,Team Royal Blue/White,XS,5157968A,8.88E+11,$16.00,Carry Over,IR1089,,$15.00
Socks-Team,Adidas Copa Zone Cushion 5 OTC,Team Royal Blue/White,S,5157968B,8.88E+11,$16.00,Carry Over,IR1089,,$15.00
Socks-Team,Adidas Copa Zone Cushion 5 OTC,Team Royal Blue/White,M,5157968C,8.88E+11,$16.00,Carry Over,IR1089,,$15.00
Socks-Team,Adidas Copa Zone Cushion 5 OTC,Team Royal Blue/White,L,5157968D,8.88E+11,$16.00,Carry Over,IR1089,,$15.00
Socks-Team,Adidas Rivalry Multisport 2.0 OTC,White/Black,XS,5158340A,8.88E+11,$16.00,Carry Over,IU9360,,$14.00
Socks-Team,Adidas Rivalry Multisport 2.0 OTC,White/Black,S,5158340B,8.88E+11,$16.00,Carry Over,IU9360,,$14.00
Socks-Team,Adidas Rivalry Multisport 2.0 OTC,White/Black,M,5158340C,8.88E+11,$16.00,Carry Over,IU9360,,$14.00
Socks-Team,Adidas Rivalry Multisport 2.0 OTC,White/Black,L,5158340D,8.88E+11,$16.00,Carry Over,IU9360,,$14.00
Socks-Team,Adidas Rivalry Multisport 2.0 OTC,Team Power Red/White,XS,5158341A,8.88E+11,$16.00,Carry Over,IU9362,,$14.00
Socks-Team,Adidas Rivalry Multisport 2.0 OTC,Team Power Red/White,S,5158341B,8.88E+11,$16.00,Carry Over,IU9362,,$14.00
Socks-Team,Adidas Rivalry Multisport 2.0 OTC,Team Power Red/White,M,5158341C,8.88E+11,$16.00,Carry Over,IU9362,,$14.00
Socks-Team,Adidas Rivalry Multisport 2.0 OTC,Team Power Red/White,L,5158341D,8.88E+11,$16.00,Carry Over,IU9362,,$14.00
Socks-Team,Adidas Rivalry Multisport 2.0 OTC,Black/White,XS,5158345A,8.88E+11,$16.00,Carry Over,IU9361,,$14.00
Socks-Team,Adidas Rivalry Multisport 2.0 OTC,Black/White,S,5158345B,8.88E+11,$16.00,Carry Over,IU9361,,$14.00
Socks-Team,Adidas Rivalry Multisport 2.0 OTC,Black/White,M,5158345C,8.88E+11,$16.00,Carry Over,IU9361,,$14.00
Socks-Team,Adidas Rivalry Multisport 2.0 OTC,Black/White,L,5158345D,8.88E+11,$16.00,Carry Over,IU9361,,$14.00
Socks-Team,Adidas Rivalry Multisport 2.0 OTC,Team Royal Blue/White,XS,5158346A,8.88E+11,$16.00,Carry Over,IU9363,,$14.00
Socks-Team,Adidas Rivalry Multisport 2.0 OTC,Team Royal Blue/White,S,5158346B,8.88E+11,$16.00,Carry Over,IU9363,,$14.00
Socks-Team,Adidas Rivalry Multisport 2.0 OTC,Team Royal Blue/White,M,5158346C,8.88E+11,$16.00,Carry Over,IU9363,,$14.00
Socks-Team,Adidas Rivalry Multisport 2.0 OTC,Team Royal Blue/White,L,5158346D,8.88E+11,$16.00,Carry Over,IU9363,,$14.00
Socks-Team,Adidas Rivalry Soccer 2.0 OTC,Team Navy Blue 2/White,XS,5158339A,8.88E+11,$16.00,Carry Over,IU9366,,$14.00
Socks-Team,Adidas Rivalry Soccer 2.0 OTC,Team Navy Blue 2/White,S,5158339B,8.88E+11,$16.00,Carry Over,IU9366,,$14.00
Socks-Team,Adidas Rivalry Soccer 2.0 OTC,Team Navy Blue 2/White,M,5158339C,8.88E+11,$16.00,Carry Over,IU9366,,$14.00
Socks-Team,Adidas Rivalry Soccer 2.0 OTC,Team Navy Blue 2/White,L,5158339D,8.88E+11,$16.00,Carry Over,IU9366,,$14.00
Socks-Team,Adidas Rivalry Soccer 2.0 OTC,Black/White,XS,5158342A,8.88E+11,$16.00,Carry Over,IU9365,,$14.00
Socks-Team,Adidas Rivalry Soccer 2.0 OTC,Black/White,S,5158342B,8.88E+11,$16.00,Carry Over,IU9365,,$14.00
Socks-Team,Adidas Rivalry Soccer 2.0 OTC,Black/White,M,5158342C,8.88E+11,$16.00,Carry Over,IU9365,,$14.00
Socks-Team,Adidas Rivalry Soccer 2.0 OTC,Black/White,L,5158342D,8.88E+11,$16.00,Carry Over,IU9365,,$14.00
Socks-Team,Adidas Rivalry Soccer 2.0 OTC,Ultra Pop/Black,XS,5158343A,8.88E+11,$16.00,Carry Over,IU9369,,$14.00
Socks-Team,Adidas Rivalry Soccer 2.0 OTC,Ultra Pop/Black,S,5158343B,8.88E+11,$16.00,Carry Over,IU9369,,$14.00
Socks-Team,Adidas Rivalry Soccer 2.0 OTC,Ultra Pop/Black,M,5158343C,8.88E+11,$16.00,Carry Over,IU9369,,$14.00
Socks-Team,Adidas Rivalry Soccer 2.0 OTC,Ultra Pop/Black,L,5158343D,8.88E+11,$16.00,Carry Over,IU9369,,$14.00
Socks-Team,Adidas Rivalry Soccer 2.0 OTC,Team Power Red/White,XS,5158344A,8.88E+11,$16.00,Carry Over,IU9367,,$14.00
Socks-Team,Adidas Rivalry Soccer 2.0 OTC,Team Power Red/White,S,5158344B,8.88E+11,$16.00,Carry Over,IU9367,,$14.00
Socks-Team,Adidas Rivalry Soccer 2.0 OTC,Team Power Red/White,M,5158344C,8.88E+11,$16.00,Carry Over,IU9367,,$14.00
Socks-Team,Adidas Rivalry Soccer 2.0 OTC,Team Power Red/White,L,5158344D,8.88E+11,$16.00,Carry Over,IU9367,,$14.00
Socks-Team,Adidas Rivalry Soccer 2.0 OTC,White/Black,XS,5158347A,8.88E+11,$16.00,Carry Over,IU9364,,$14.00
Socks-Team,Adidas Rivalry Soccer 2.0 OTC,White/Black,S,5158347B,8.88E+11,$16.00,Carry Over,IU9364,,$14.00
Socks-Team,Adidas Rivalry Soccer 2.0 OTC,White/Black,M,5158347C,8.88E+11,$16.00,Carry Over,IU9364,,$14.00
Socks-Team,Adidas Rivalry Soccer 2.0 OTC,White/Black,L,5158347D,8.88E+11,$16.00,Carry Over,IU9364,,$14.00
Socks-Team,Adidas Rivalry Soccer 2.0 OTC,Team Royal Blue/White,XS,5158348A,8.88E+11,$16.00,Carry Over,IU9368,,$14.00
Socks-Team,Adidas Rivalry Soccer 2.0 OTC,Team Royal Blue/White,S,5158348B,8.88E+11,$16.00,Carry Over,IU9368,,$14.00
Socks-Team,Adidas Rivalry Soccer 2.0 OTC,Team Royal Blue/White,M,5158348C,8.88E+11,$16.00,Carry Over,IU9368,,$14.00
Socks-Team,Adidas Rivalry Soccer 2.0 OTC,Team Royal Blue/White,L,5158348D,8.88E+11,$16.00,Carry Over,IU9368,,$14.00
Socks-Team,Adidas Select Basketball Crew,White/Black,S,5154655A,8.88E+11,$16.00,Carry Over,GA5353,,$16.00
Socks-Team,Adidas Select Basketball Crew,White/Black,M,5154655B,8.88E+11,$16.00,Carry Over,GA5353,,$16.00
Socks-Team,Adidas Select Basketball Crew,White/Black,L,5154655C,8.88E+11,$16.00,Carry Over,GA5353,,$16.00
Socks-Team,Adidas Select Basketball Crew,White/Black,XL,5154655D,8.88E+11,$16.00,Carry Over,GA5353,,$16.00
Socks-Team,Adidas Select Basketball Crew,Team Navy Blue/White,M,5154667B,8.88E+11,$16.00,Carry Over,GA5364,,$16.00
Socks-Team,Adidas Select Basketball Crew,Team Navy Blue/White,L,5154667C,8.88E+11,$16.00,Carry Over,GA5364,,$16.00
Socks-Team,Adidas Select Basketball Crew,Team Navy Blue/White,XL,5154667D,8.88E+11,$16.00,Carry Over,GA5364,,$16.00
Socks-Team,Adidas Select Basketball Crew,Team Royal Blue/White,M,5154672B,8.88E+11,$16.00,Carry Over,GA5369,,$16.00
Socks-Team,Adidas Select Basketball Crew,Team Royal Blue/White,L,5154672C,8.88E+11,$16.00,Carry Over,GA5369,,$16.00
Socks-Team,Adidas Select Basketball Crew,Team Royal Blue/White,XL,5154672D,8.88E+11,$16.00,Carry Over,GA5369,,$16.00
Socks-Team,Adidas Select Basketball Crew,Team Power Red/White,M,5154682B,8.88E+11,$16.00,Carry Over,GA5379,,$16.00
Socks-Team,Adidas Select Basketball Crew,Team Power Red/White,L,5154682C,8.88E+11,$16.00,Carry Over,GA5379,,$16.00
Socks-Team,Adidas Select Basketball Crew,Team Power Red/White,XL,5154682D,8.88E+11,$16.00,Carry Over,GA5379,,$16.00
Socks-Team,Adidas Select Basketball Crew,Black/White,S,5154760A,8.88E+11,$16.00,Carry Over,GA5457,,$16.00
Socks-Team,Adidas Select Basketball Crew,Black/White,M,5154760B,8.88E+11,$16.00,Carry Over,GA5457,,$16.00
Socks-Team,Adidas Select Basketball Crew,Black/White,L,5154760C,8.88E+11,$16.00,Carry Over,GA5457,,$16.00
Socks-Team,Adidas Select Basketball Crew,Black/White,XL,5154760D,8.88E+11,$16.00,Carry Over,GA5457,,$16.00
Socks-Team,Adidas Select Basketball Crew,White/Light Onix Grey,M,5154765B,8.88E+11,$16.00,Carry Over,GA5462,,$16.00
Socks-Team,Adidas Select Basketball Crew,White/Light Onix Grey,L,5154765C,8.88E+11,$16.00,Carry Over,GA5462,,$16.00
Socks-Team,Adidas Select Basketball Crew,White/Light Onix Grey,XL,5154765D,8.88E+11,$16.00,Carry Over,GA5462,,$16.00
Socks-Team,Adidas Utility 2.0 OTC,Team Shock Pink/Black,S,5156909B,8.88E+11,$14.00,Carry Over,GC3218,,$12.00
Socks-Team,Adidas Utility 2.0 OTC,Team Shock Pink/Black,M,5156909C,8.88E+11,$14.00,Carry Over,GC3218,,$12.00
Socks-Team,Adidas Utility 2.0 OTC,Team Shock Pink/Black,L,5156909D,8.88E+11,$14.00,Carry Over,GC3218,,$12.00
Socks-Team,Adidas Utility 2.0 OTC,Team Maroon/White,S,5156910B,8.88E+11,$14.00,Carry Over,GC3219,,$12.00
Socks-Team,Adidas Utility 2.0 OTC,Team Maroon/White,M,5156910C,8.88E+11,$14.00,Carry Over,GC3219,,$12.00
Socks-Team,Adidas Utility 2.0 OTC,Team Maroon/White,L,5156910D,8.88E+11,$14.00,Carry Over,GC3219,,$12.00
Socks-Team,Adidas Utility 2.0 OTC,Team Dark Green/White,S,5156911B,8.88E+11,$14.00,Carry Over,GC3220,,$12.00
Socks-Team,Adidas Utility 2.0 OTC,Team Dark Green/White,M,5156911C,8.88E+11,$14.00,Carry Over,GC3220,,$12.00
Socks-Team,Adidas Utility 2.0 OTC,Team Dark Green/White,L,5156911D,8.88E+11,$14.00,Carry Over,GC3220,,$12.00
Socks-Team,Adidas Utility 2.0 OTC,Team Power Red/White,S,5156912B,8.88E+11,$14.00,Carry Over,GC3221,,$12.00
Socks-Team,Adidas Utility 2.0 OTC,Team Power Red/White,M,5156912C,8.88E+11,$14.00,Carry Over,GC3221,,$12.00
Socks-Team,Adidas Utility 2.0 OTC,Team Power Red/White,L,5156912D,8.88E+11,$14.00,Carry Over,GC3221,,$12.00
Socks-Team,Adidas Utility 2.0 OTC,Team Navy Blue/White,S,5156913B,8.88E+11,$14.00,Carry Over,GC3222,,$12.00
Socks-Team,Adidas Utility 2.0 OTC,Team Navy Blue/White,M,5156913C,8.88E+11,$14.00,Carry Over,GC3222,,$12.00
Socks-Team,Adidas Utility 2.0 OTC,Team Navy Blue/White,L,5156913D,8.88E+11,$14.00,Carry Over,GC3222,,$12.00
Socks-Team,Adidas Utility 2.0 OTC,Team Royal Blue/White,S,5156914B,8.88E+11,$14.00,Carry Over,GC3223,,$12.00
Socks-Team,Adidas Utility 2.0 OTC,Team Royal Blue/White,M,5156914C,8.88E+11,$14.00,Carry Over,GC3223,,$12.00
Socks-Team,Adidas Utility 2.0 OTC,Team Royal Blue/White,L,5156914D,8.88E+11,$14.00,Carry Over,GC3223,,$12.00
Socks-Team,Adidas Utility 2.0 OTC,Black/White,XS,5156915A,8.88E+11,$14.00,Carry Over,GC3224,,$12.00
Socks-Team,Adidas Utility 2.0 OTC,Black/White,S,5156915B,8.88E+11,$14.00,Carry Over,GC3224,,$12.00
Socks-Team,Adidas Utility 2.0 OTC,Black/White,M,5156915C,8.88E+11,$14.00,Carry Over,GC3224,,$12.00
Socks-Team,Adidas Utility 2.0 OTC,Black/White,L,5156915D,8.88E+11,$14.00,Carry Over,GC3224,,$12.00
Socks-Team,Adidas Utility 2.0 OTC,White/Black,XS,5156916A,8.88E+11,$14.00,Carry Over,GC3225,,$12.00
Socks-Team,Adidas Utility 2.0 OTC,White/Black,S,5156916B,8.88E+11,$14.00,Carry Over,GC3225,,$12.00
Socks-Team,Adidas Utility 2.0 OTC,White/Black,M,5156916C,8.88E+11,$14.00,Carry Over,GC3225,,$12.00
Socks-Team,Adidas Utility 2.0 OTC,White/Black,L,5156916D,8.88E+11,$14.00,Carry Over,GC3225,,$12.00
Socks-Team,Adidas Metro 6 Calf Sleeve,White/Black,S/M,5161326A,8.88E+11,$12.00,12/1/25,JL4241,,$10.00
Socks-Team,Adidas Metro 6 Calf Sleeve,White/Black,L/XL,5161326B,8.88E+11,$12.00,12/1/25,JL4241,,$10.00
Socks-Team,Adidas Metro 6 Calf Sleeve,Black/White,S/M,5161365A,8.88E+11,$12.00,12/1/25,JL4242,,$10.00
Socks-Team,Adidas Metro 6 Calf Sleeve,Black/White,L/XL,5161365B,8.88E+11,$12.00,12/1/25,JL4242,,$10.00
Socks-Team,Adidas Metro 6 Calf Sleeve,Team Light Grey/White,S/M,5161366A,8.88E+11,$12.00,12/1/25,JL4243,,$10.00
Socks-Team,Adidas Metro 6 Calf Sleeve,Team Light Grey/White,L/XL,5161366B,8.88E+11,$12.00,12/1/25,JL4243,,$10.00
Socks-Team,Adidas Metro 6 Calf Sleeve,Team Power Red/White,S/M,5161367A,8.88E+11,$12.00,12/1/25,JL4244,,$10.00
Socks-Team,Adidas Metro 6 Calf Sleeve,Team Power Red/White,L/XL,5161367B,8.88E+11,$12.00,12/1/25,JL4244,,$10.00
Socks-Team,Adidas Metro 6 Calf Sleeve,Team Royal Blue/White,S/M,5161368A,8.88E+11,$12.00,12/1/25,JL4245,,$10.00
Socks-Team,Adidas Metro 6 Calf Sleeve,Team Royal Blue/White,L/XL,5161368B,8.88E+11,$12.00,12/1/25,JL4245,,$10.00
Socks-Team,Adidas Metro 6 Calf Sleeve,Team Navy Blue,S/M,5161369A,8.88E+11,$12.00,12/1/25,JL4246,,$10.00
Socks-Team,Adidas Metro 6 Calf Sleeve,Team Navy Blue,L/XL,5161369B,8.88E+11,$12.00,12/1/25,JL4246,,$10.00
Socks-Team,Adidas Metro 6 OTC,Team Navy Blue/Clear Grey/White,XS,5155945A,8.88E+11,$12.00,Carry Over,GB4211,,$10.00
Socks-Team,Adidas Metro 6 OTC,Team Navy Blue/Clear Grey/White,S,5155945B,8.88E+11,$12.00,Carry Over,GB4211,,$10.00
Socks-Team,Adidas Metro 6 OTC,Team Navy Blue/Clear Grey/White,M,5155945C,8.88E+11,$12.00,Carry Over,GB4211,,$10.00
Socks-Team,Adidas Metro 6 OTC,Team Navy Blue/Clear Grey/White,L,5155945D,8.88E+11,$12.00,Carry Over,GB4211,,$10.00
Socks-Team,Adidas Metro 6 OTC,Ultra Pop/Clear Grey/Black,XS,5155946A,8.88E+11,$12.00,Carry Over,GB4212,,$10.00
Socks-Team,Adidas Metro 6 OTC,Ultra Pop/Clear Grey/Black,S,5155946B,8.88E+11,$12.00,Carry Over,GB4212,,$10.00
Socks-Team,Adidas Metro 6 OTC,Ultra Pop/Clear Grey/Black,M,5155946C,8.88E+11,$12.00,Carry Over,GB4212,,$10.00
Socks-Team,Adidas Metro 6 OTC,Ultra Pop/Clear Grey/Black,L,5155946D,8.88E+11,$12.00,Carry Over,GB4212,,$10.00
Socks-Team,Adidas Metro 6 OTC,Team Royal Blue/Clear Grey/White,XS,5155947A,8.88E+11,$12.00,Carry Over,GB4213,,$10.00
Socks-Team,Adidas Metro 6 OTC,Team Royal Blue/Clear Grey/White,S,5155947B,8.88E+11,$12.00,Carry Over,GB4213,,$10.00
Socks-Team,Adidas Metro 6 OTC,Team Royal Blue/Clear Grey/White,M,5155947C,8.88E+11,$12.00,Carry Over,GB4213,,$10.00
Socks-Team,Adidas Metro 6 OTC,Team Royal Blue/Clear Grey/White,L,5155947D,8.88E+11,$12.00,Carry Over,GB4213,,$10.00
Socks-Team,Adidas Metro 6 OTC,Team Power Red/Clear Grey/White,XS,5155948A,8.88E+11,$12.00,Carry Over,GB4214,,$10.00
Socks-Team,Adidas Metro 6 OTC,Team Power Red/Clear Grey/White,S,5155948B,8.88E+11,$12.00,Carry Over,GB4214,,$10.00
Socks-Team,Adidas Metro 6 OTC,Team Power Red/Clear Grey/White,M,5155948C,8.88E+11,$12.00,Carry Over,GB4214,,$10.00
Socks-Team,Adidas Metro 6 OTC,Team Power Red/Clear Grey/White,L,5155948D,8.88E+11,$12.00,Carry Over,GB4214,,$10.00
Socks-Team,Adidas Metro 6 OTC,Team Light Grey/White,XS,5155949A,8.88E+11,$12.00,Carry Over,GB4215,,$10.00
Socks-Team,Adidas Metro 6 OTC,Team Light Grey/White,S,5155949B,8.88E+11,$12.00,Carry Over,GB4215,,$10.00
Socks-Team,Adidas Metro 6 OTC,Team Light Grey/White,M,5155949C,8.88E+11,$12.00,Carry Over,GB4215,,$10.00
Socks-Team,Adidas Metro 6 OTC,Team Light Grey/White,L,5155949D,8.88E+11,$12.00,Carry Over,GB4215,,$10.00
Socks-Team,Adidas Metro 6 OTC,White/Clear Grey/Black,XS,5155950A,8.88E+11,$12.00,Carry Over,GB4216,,$10.00
Socks-Team,Adidas Metro 6 OTC,White/Clear Grey/Black,S,5155950B,8.88E+11,$12.00,Carry Over,GB4216,,$10.00
Socks-Team,Adidas Metro 6 OTC,White/Clear Grey/Black,M,5155950C,8.88E+11,$12.00,Carry Over,GB4216,,$10.00
Socks-Team,Adidas Metro 6 OTC,White/Clear Grey/Black,L,5155950D,8.88E+11,$12.00,Carry Over,GB4216,,$10.00
Socks-Team,Adidas Metro 6 OTC,Black/Night Grey/White,XS,5155951A,8.88E+11,$12.00,Carry Over,GB4217,,$10.00
Socks-Team,Adidas Metro 6 OTC,Black/Night Grey/White,S,5155951B,8.88E+11,$12.00,Carry Over,GB4217,,$10.00
Socks-Team,Adidas Metro 6 OTC,Black/Night Grey/White,M,5155951C,8.88E+11,$12.00,Carry Over,GB4217,,$10.00
Socks-Team,Adidas Metro 6 OTC,Black/Night Grey/White,L,5155951D,8.88E+11,$12.00,Carry Over,GB4217,,$10.00
Socks-Team,Adidas Utility 2.0 Stirrup,Team Power Red/White,M,5157292B,8.88E+11,$12.00,Carry Over,GC4140,,$10.00
Socks-Team,Adidas Utility 2.0 Stirrup,Team Power Red/White,L,5157292C,8.88E+11,$12.00,Carry Over,GC4140,,$10.00
Socks-Team,Adidas Utility 2.0 Stirrup,Team Navy Blue/White,M,5157293B,8.88E+11,$12.00,Carry Over,GC4139,,$10.00
Socks-Team,Adidas Utility 2.0 Stirrup,Team Navy Blue/White,L,5157293C,8.88E+11,$12.00,Carry Over,GC4139,,$10.00
Socks-Team,Adidas Utility 2.0 Stirrup,Team Maroon/White,M,5157294B,8.88E+11,$12.00,Carry Over,GC4141,,$10.00
Socks-Team,Adidas Utility 2.0 Stirrup,Team Maroon/White,L,5157294C,8.88E+11,$12.00,Carry Over,GC4141,,$10.00
Socks-Team,Adidas Utility 2.0 Stirrup,Black/White,M,5157295B,8.88E+11,$12.00,Carry Over,GC4138,,$10.00
Socks-Team,Adidas Utility 2.0 Stirrup,Black/White,L,5157295C,8.88E+11,$12.00,Carry Over,GC4138,,$10.00
Socks-Team,Adidas Liner 2.0 OTC,White/Black,M,5156926C,8.88E+11,$8.00,Carry Over,GC3208,,$6.00
Socks-Team,Adidas Liner 2.0 OTC,White/Black,L,5156926D,8.88E+11,$8.00,Carry Over,GC3208,,$6.00
Sport Acc,Adidas Football 2.0 Handwarmer,Black/White,OSFA,5157176,8.88E+11,$34.00,Carry Over,GC3498,,$34.00
Sport Acc,Adidas Team 2.0 Wrist Coach,White/Black,OSFA,5157167,8.88E+11,$25.00,Carry Over,GC3508,,$25.00
Sport Acc,Adidas Team 2.0 Wrist Coach,Black/White,OSFA,5157168,8.88E+11,$25.00,Carry Over,GC3509,,$25.00
Sport Acc,Adidas Football 2.0 Skull,Black/White,OSFA,5157175,8.88E+11,$22.00,Carry Over,GC3499,,$20.00
Sport Acc,Adidas Soccer 2.0 Field Cone,Safety Orange/Black,OSFA,5157172,8.88E+11,$22.00,Carry Over,GC3553,,$20.00
Sport Acc,Adidas Alphaskin Wide Headband,Black/White,OSFA,5156314,8.88E+11,$20.00,Carry Over,GB4336,,$18.00
Sport Acc,Adidas Alphaskin Wide Headband,White/Black,OSFA,5156315,8.88E+11,$20.00,Carry Over,GB4337,,$18.00
Sport Acc,Adidas Alphaskin Wide Headband,Grey/White,OSFA,5156316,8.88E+11,$20.00,Carry Over,GB4338,,$18.00
Sport Acc,Adidas Football Skull Wrap 2.0 Headband,Black/White,OSFA,5157174,8.88E+11,$20.00,Carry Over,GC3536,,$18.00
Sport Acc,Adidas Alphaskin 3 Headband,Collegiate Royal Blue/Black,OSFA,5157185,8.88E+11,$18.00,Carry Over,GC3487,,$16.00
Sport Acc,Adidas Alphaskin 3 Headband,Red/Black,OSFA,5157186,8.88E+11,$18.00,Carry Over,GC3488,,$16.00
Sport Acc,Adidas Alphaskin 3 Headband,White/Black,OSFA,5157187,8.88E+11,$18.00,Carry Over,GC3489,,$16.00
Sport Acc,Adidas Alphaskin 3 Headband,Black/White,OSFA,5157188,8.88E+11,$18.00,Carry Over,GC3490,,$16.00
Sport Acc,Adidas Interval 2.0 3/4-inch Bicep Band,Team Power Red/White,OSFA,5157224,8.88E+11,$15.00,Carry Over,IQ5675,,$15.00
Sport Acc,Adidas Interval 2.0 3/4-inch Bicep Band,Black/White,OSFA,5157225,8.88E+11,$15.00,Carry Over,IQ5674,,$15.00
Sport Acc,Adidas Interval 2.0 3/4-inch Bicep Band,White/Black,OSFA,5157226,8.88E+11,$15.00,Carry Over,IQ5673,,$15.00
Sport Acc,Adidas Interval Large Reversible 2.0 Wristband,Collegiate Navy/White,OSFA,5157213,8.88E+11,$15.00,Carry Over,GC3539,,$15.00
Sport Acc,Adidas Interval Large Reversible 2.0 Wristband,Black/Aluminum 2/White,OSFA,5157214,8.88E+11,$15.00,Carry Over,GC3540,,$15.00
Sport Acc,Adidas Interval Large Reversible 2.0 Wristband,Black/White,OSFA,5157215,8.88E+11,$15.00,Carry Over,GC3541,,$15.00
Sport Acc,Adidas Soccer 2.0 Shin Guard Strap,White/Black,OSFA,5157170,8.88E+11,$15.00,Carry Over,GC3554,,$15.00
Sport Acc,Adidas Soccer 2.0 Shin Guard Strap,Black/White,OSFA,5157171,8.88E+11,$15.00,Carry Over,GC3555,,$15.00
Sport Acc,Adidas Team 2.0 Towel,White/Black,OSFA,5157169,8.88E+11,$15.00,Carry Over,GC3507,,$15.00
Sport Acc,Adidas Alphaskin Tie 2 Headband,Collegiate Royal Blue/Black,OSFA,5157180,8.88E+11,$14.00,Carry Over,GC3492,,$12.00
Sport Acc,Adidas Alphaskin Tie 2 Headband,Red/Black,OSFA,5157181,8.88E+11,$14.00,Carry Over,GC3493,,$12.00
Sport Acc,Adidas Alphaskin Tie 2 Headband,Black/White,OSFA,5157182,8.88E+11,$14.00,Carry Over,GC3494,,$12.00
Sport Acc,Adidas Alphaskin Tie 2 Headband,White/Black,OSFA,5157183,8.88E+11,$14.00,Carry Over,GC3495,,$12.00
Sport Acc,Adidas Interval 2.0 Lanyard,Team Dark Green/White,OSFA,5157217,8.88E+11,$14.00,Carry Over,GC3501,,$10.00
Sport Acc,Adidas Interval 2.0 Lanyard,Team Shock Pink/White,OSFA,5157218,8.88E+11,$14.00,Carry Over,GC3502,,$10.00
Sport Acc,Adidas Interval 2.0 Lanyard,Team Power Red/White,OSFA,5157219,8.88E+11,$14.00,Carry Over,GC3503,,$10.00
Sport Acc,Adidas Interval 2.0 Lanyard,Team Royal Blue/White,OSFA,5157220,8.88E+11,$14.00,Carry Over,GC3504,,$10.00
Sport Acc,Adidas Interval 2.0 Lanyard,Team Navy Blue/White,OSFA,5157221,8.88E+11,$14.00,Carry Over,GC3505,,$10.00
Sport Acc,Adidas Interval 2.0 Lanyard,Black/White,OSFA,5157223,8.88E+11,$14.00,Carry Over,GC3506,,$10.00
Sport Acc,Adidas Captain's 2.0 Armband,Black/White,OSFA,5157179,8.88E+11,$12.00,Carry Over,GC3534,,$12.00
Sport Acc,Adidas Interval Reversible 2.0 Headband,Team Shock Pink/Black,OSFA,5157202,8.88E+11,$12.00,Carry Over,GC3542,,$12.00
Sport Acc,Adidas Interval Reversible 2.0 Headband,Black/Team Power Red,OSFA,5157203,8.88E+11,$12.00,Carry Over,GC3543,,$12.00
Sport Acc,Adidas Interval Reversible 2.0 Headband,Team Orange/White,OSFA,5157204,8.88E+11,$12.00,Carry Over,GC3544,,$12.00
Sport Acc,Adidas Interval Reversible 2.0 Headband,Team Maroon/White,OSFA,5157205,8.88E+11,$12.00,Carry Over,GC3545,,$12.00
Sport Acc,Adidas Interval Reversible 2.0 Headband,Team Dark Green/White,OSFA,5157206,8.88E+11,$12.00,Carry Over,GC3546,,$12.00
Sport Acc,Adidas Interval Reversible 2.0 Headband,Heather Light Grey/White,OSFA,5157207,8.88E+11,$12.00,Carry Over,GC3547,,$12.00
Sport Acc,Adidas Interval Reversible 2.0 Headband,Team Power Red/White,OSFA,5157208,8.88E+11,$12.00,Carry Over,GC3548,,$12.00
Sport Acc,Adidas Interval Reversible 2.0 Headband,Team Royal Blue/White,OSFA,5157209,8.88E+11,$12.00,Carry Over,GC3549,,$12.00
Sport Acc,Adidas Interval Reversible 2.0 Headband,Team Navy Blue/White,OSFA,5157210,8.88E+11,$12.00,Carry Over,GC3550,,$12.00
Sport Acc,Adidas Interval Reversible 2.0 Headband,Black/White/Aluminum 2,OSFA,5157211,8.88E+11,$12.00,Carry Over,GC3551,,$12.00
Sport Acc,Adidas Interval Reversible 2.0 Headband,White/Black,OSFA,5157212,8.88E+11,$12.00,Carry Over,GC3552,,$12.00
Sport Acc,Adidas Interval Reversible 2.0 Wristband,Collegiate Purple/White,OSFA,5157190,8.88E+11,$12.00,Carry Over,IQ5672,,$12.00
Sport Acc,Adidas Interval Reversible 2.0 Wristband,Team Dark Green/White,OSFA,5157191,8.88E+11,$12.00,Carry Over,IQ5671,,$12.00
Sport Acc,Adidas Interval Reversible 2.0 Wristband,Team Shock Pink/Black,OSFA,5157192,8.88E+11,$12.00,Carry Over,IQ5670,,$12.00
Sport Acc,Adidas Interval Reversible 2.0 Wristband,Team Orange/White,OSFA,5157193,8.88E+11,$12.00,Carry Over,IQ5669,,$12.00
Sport Acc,Adidas Interval Reversible 2.0 Wristband,Team Maroon/White,OSFA,5157194,8.88E+11,$12.00,Carry Over,IQ5668,,$12.00
Sport Acc,Adidas Interval Reversible 2.0 Wristband,Black/Team Power Red,OSFA,5157195,8.88E+11,$12.00,Carry Over,IQ5667,,$12.00
Sport Acc,Adidas Interval Reversible 2.0 Wristband,Heather Light Grey/White,OSFA,5157196,8.88E+11,$12.00,Carry Over,IQ5666,,$12.00
Sport Acc,Adidas Interval Reversible 2.0 Wristband,Team Power Red/White,OSFA,5157197,8.88E+11,$12.00,Carry Over,IQ5665,,$12.00
Sport Acc,Adidas Interval Reversible 2.0 Wristband,Team Royal Blue/White,OSFA,5157198,8.88E+11,$12.00,Carry Over,IQ5664,,$12.00
Sport Acc,Adidas Interval Reversible 2.0 Wristband,Team Navy Blue/White,OSFA,5157199,8.88E+11,$12.00,Carry Over,IQ5663,,$12.00
Sport Acc,Adidas Interval Reversible 2.0 Wristband,Black/White/Aluminum 2,OSFA,5157200,8.88E+11,$12.00,Carry Over,IQ5662,,$12.00
Sport Acc,Adidas Interval Reversible 2.0 Wristband,White/Black,OSFA,5157201,8.88E+11,$12.00,Carry Over,IQ5661,,$12.00
Sport Acc,Adidas Interval Reversible 2.0 Wristband,Team Victory Red/White,OSFA,5161176,8.88E+11,$12.00,Carry Over,JL3042,,$12.00
Sport Acc,Adidas Football 2.0 Chin Strap,White/Black,OSFA,5157177,8.88E+11,$10.00,Carry Over,GC3496,,$10.00
Sport Acc,Adidas Football 2.0 Chin Strap,Black/White,OSFA,5157178,8.88E+11,$10.00,Carry Over,GC3497,,$10.00
Sport Acc,Adidas Interval 1-inch 2.0 Muscle Band,White/Black,OSFA,5157227,8.88E+11,$10.00,Carry Over,GC3537,,$10.00
Sport Acc,Adidas Interval 1-inch 2.0 Muscle Band,Black/White,OSFA,5157228,8.88E+11,$10.00,Carry Over,GC3538,,$10.00
Sport Acc,Adidas Interval 2.0 Wrist Lanyard,Black/White,OSFA,5157229,8.88E+11,$10.00,Carry Over,IU6075,,$8.00
Underwear,Adidas Men's Performance Mesh 3-Pack Boxer Brief,Black/Onix Grey/Black,S,5157977A,8.88E+11,$44.00,Carry Over,IR0824,,$40.00
Underwear,Adidas Men's Performance Mesh 3-Pack Boxer Brief,Black/Onix Grey/Black,M,5157977B,8.88E+11,$44.00,Carry Over,IR0824,,$40.00
Underwear,Adidas Men's Performance Mesh 3-Pack Boxer Brief,Black/Onix Grey/Black,L,5157977C,8.88E+11,$44.00,Carry Over,IR0824,,$40.00
Underwear,Adidas Men's Performance Mesh 3-Pack Boxer Brief,Black/Onix Grey/Black,XL,5157977D,8.88E+11,$44.00,Carry Over,IR0824,,$40.00
Underwear,Adidas Men's Performance Mesh 3-Pack Boxer Brief,Black/Onix Grey/Black,XXL,5157977E,8.88E+11,$44.00,Carry Over,IR0824,,$40.00
Underwear,Adidas Men's Performance Mesh Big & Tall 3-Pack Boxer Brief,Black/Onix Grey/Black,2XL,5158008A,8.88E+11,$44.00,Carry Over,IR0816,,$40.00
Underwear,Adidas Men's Performance Mesh Big & Tall 3-Pack Boxer Brief,Black/Onix Grey/Black,3XL,5158008B,8.88E+11,$44.00,Carry Over,IR0816,,$40.00
Underwear,Adidas Men's Performance Mesh Big & Tall 3-Pack Boxer Brief,Black/Onix Grey/Black,4XL,5158008C,8.88E+11,$44.00,Carry Over,IR0816,,$40.00